{
  "custom": {},
  "params": {},
  "props": {},
  "root": {
    "children": [
      {
        "meta": {
          "name": "FlexContainer_1"
        },
        "position": {
          "height": 191,
          "width": 167,
          "x": 500,
          "y": 614
        },
        "props": {
          "style": {
            "backgroundColor": "#FFFFCC",
            "borderStyle": "solid"
          }
        },
        "type": "ia.container.flex"
      },
      {
        "meta": {
          "name": "Label_12"
        },
        "position": {
          "height": 33.45,
          "width": 35,
          "x": 516.49,
          "y": 661.9
        },
        "props": {
          "style": {
            "color": "#000000"
          },
          "text": "kp"
        },
        "type": "ia.display.label"
      },
      {
        "meta": {
          "name": "Label_13"
        },
        "position": {
          "height": 33.46,
          "width": 35,
          "x": 516.49,
          "y": 695.35
        },
        "props": {
          "style": {
            "color": "#000000"
          },
          "text": "ki"
        },
        "type": "ia.display.label"
      },
      {
        "meta": {
          "name": "Label_14"
        },
        "position": {
          "height": 33.46,
          "width": 35,
          "x": 516.49,
          "y": 728.81
        },
        "props": {
          "style": {
            "color": "#000000"
          },
          "text": "kd"
        },
        "type": "ia.display.label"
      },
      {
        "meta": {
          "name": "NumericEntryField_2"
        },
        "position": {
          "height": 30.59,
          "width": 50,
          "x": 546.49,
          "y": 663.81
        },
        "propConfig": {
          "props.spinner.enabled": {
            "binding": {
              "config": {
                "expression": "isAuthorized(false, \"Authenticated/Roles/Engineer\")"
              },
              "type": "expr"
            }
          },
          "props.value": {
            "binding": {
              "config": {
                "bidirectional": true,
                "fallbackDelay": 2.5,
                "mode": "direct",
                "tagPath": "[default]TRCA1/PID/KP"
              },
              "type": "tag"
            }
          }
        },
        "props": {
          "inputBounds": {
            "maximum": 10,
            "minimum": 0
          },
          "spinner": {},
          "style": {
            "backgroundColor": "#FFFFFF"
          }
        },
        "type": "ia.input.numeric-entry-field"
      },
      {
        "meta": {
          "name": "NumericEntryField_3"
        },
        "position": {
          "height": 30.59,
          "width": 50,
          "x": 546.49,
          "y": 700.13
        },
        "propConfig": {
          "props.enabled": {
            "binding": {
              "config": {
                "expression": "isAuthorized(false, \"Authenticated/Roles/Engineer\")"
              },
              "type": "expr"
            }
          },
          "props.value": {
            "binding": {
              "config": {
                "bidirectional": true,
                "fallbackDelay": 2.5,
                "mode": "direct",
                "tagPath": "[default]TRCA1/PID/KI"
              },
              "type": "tag"
            }
          }
        },
        "props": {
          "inputBounds": {
            "maximum": 10,
            "minimum": 0
          },
          "style": {
            "backgroundColor": "#FFFFFF"
          }
        },
        "type": "ia.input.numeric-entry-field"
      },
      {
        "meta": {
          "name": "NumericEntryField_4"
        },
        "position": {
          "height": 28.68,
          "rotate": {
            "anchor": "50% 25%"
          },
          "width": 50,
          "x": 546.49,
          "y": 735.5
        },
        "propConfig": {
          "props.enabled": {
            "binding": {
              "config": {
                "expression": "isAuthorized(false, \"Authenticated/Roles/Engineer\")"
              },
              "type": "expr"
            }
          },
          "props.value": {
            "binding": {
              "config": {
                "bidirectional": true,
                "fallbackDelay": 2.5,
                "mode": "direct",
                "tagPath": "[default]TRCA1/PID/KD"
              },
              "type": "tag"
            }
          }
        },
        "props": {
          "inputBounds": {
            "maximum": 10,
            "minimum": 0
          },
          "style": {
            "backgroundColor": "#FFFFFF"
          }
        },
        "type": "ia.input.numeric-entry-field"
      },
      {
        "meta": {
          "name": "Label_15"
        },
        "position": {
          "height": 32,
          "width": 53,
          "x": 546.49,
          "y": 772.99
        },
        "props": {
          "style": {
            "color": "#555555"
          },
          "text": "(0 - 10)"
        },
        "type": "ia.display.label"
      },
      {
        "meta": {
          "name": "FlexContainer"
        },
        "position": {
          "height": 82,
          "width": 102,
          "x": 243,
          "y": 252
        },
        "props": {
          "style": {
            "backgroundColor": "#808080",
            "borderStyle": "double"
          }
        },
        "type": "ia.container.flex"
      },
      {
        "meta": {
          "name": "FlexContainer_0"
        },
        "position": {
          "height": 27,
          "width": 102,
          "x": 243,
          "y": 252
        },
        "props": {
          "style": {
            "backgroundColor": "#808080",
            "borderStyle": "double"
          }
        },
        "type": "ia.container.flex"
      },
      {
        "meta": {
          "name": "Label"
        },
        "position": {
          "height": 23.63,
          "rotate": {
            "anchor": "36% 0%"
          },
          "width": 45,
          "x": 271.45,
          "y": 293
        },
        "props": {
          "text": "data",
          "textStyle": {
            "color": "#00FFFF",
            "fontSize": 20,
            "textAlignLast": "center"
          }
        },
        "type": "ia.display.label"
      },
      {
        "meta": {
          "name": "Label_0"
        },
        "position": {
          "height": 23.63,
          "rotate": {
            "anchor": "36% 0%"
          },
          "width": 45,
          "x": 248.95,
          "y": 252
        },
        "props": {
          "text": "name",
          "textStyle": {
            "color": "#00FF00",
            "fontSize": 20,
            "textAlignLast": "center"
          }
        },
        "type": "ia.display.label"
      }
    ],
    "meta": {
      "name": "root"
    },
    "type": "ia.container.coord"
  }
}