{
  "custom": {
    "experimentId": 292,
    "header": {
      "$": [
        "ds",
        192,
        1763813289180
      ],
      "$columns": [
        {
          "data": [
            292
          ],
          "name": "id",
          "type": "Long"
        },
        {
          "data": [
            1763813289177
          ],
          "name": "started_at",
          "type": "Date"
        },
        {
          "data": [
            null
          ],
          "name": "finished_at",
          "type": "Date"
        },
        {
          "data": [
            "Вещество Б"
          ],
          "name": "substance_name",
          "type": "String"
        },
        {
          "data": [
            "T"
          ],
          "name": "const_param",
          "type": "String"
        },
        {
          "data": [
            null
          ],
          "name": "const_value",
          "type": "Double"
        },
        {
          "data": [
            2
          ],
          "name": "valve_step_pct",
          "type": "Double"
        }
      ]
    },
    "samples": {
      "$": [
        "ds",
        192,
        1763813431470
      ],
      "$columns": [
        {
          "data": [
            "2025-11-22 12:08:10",
            "2025-11-22 12:08:11",
            "2025-11-22 12:08:12",
            "2025-11-22 12:08:13",
            "2025-11-22 12:08:14",
            "2025-11-22 12:08:15",
            "2025-11-22 12:08:16",
            "2025-11-22 12:08:18",
            "2025-11-22 12:08:19",
            "2025-11-22 12:08:20",
            "2025-11-22 12:08:21",
            "2025-11-22 12:08:22",
            "2025-11-22 12:08:23",
            "2025-11-22 12:08:24",
            "2025-11-22 12:08:25",
            "2025-11-22 12:08:26",
            "2025-11-22 12:08:27",
            "2025-11-22 12:08:29",
            "2025-11-22 12:08:30",
            "2025-11-22 12:08:31",
            "2025-11-22 12:08:32",
            "2025-11-22 12:08:33",
            "2025-11-22 12:08:34",
            "2025-11-22 12:08:35",
            "2025-11-22 12:08:36"
          ],
          "name": "ts",
          "type": "String"
        },
        {
          "data": [
            0,
            1.109466,
            2.216221,
            3.324278,
            4.431978,
            5.538436,
            6.645396,
            7.753406,
            8.860903,
            9.968528,
            11.077502,
            12.184741,
            13.293957,
            14.402259,
            15.510806,
            16.617225,
            17.724727,
            18.831237,
            19.938795,
            21.04485,
            22.150936,
            23.259036,
            24.366323,
            25.472457,
            26.583048
          ],
          "name": "t_sec",
          "type": "Double"
        },
        {
          "data": [
            0.35714285714285715,
            0.3862857142857143,
            0.4165714285714286,
            0.4165714285714286,
            0.44799999999999995,
            0.4805714285714286,
            0.5142857142857142,
            0.5851428571428571,
            0.6222857142857142,
            0.6605714285714285,
            0.7,
            0.7133333333333333,
            0.7133333333333333,
            0.7266666666666666,
            0.74,
            0.7533333333333333,
            0.7666666666666666,
            0.7933333333333333,
            0.8066666666666666,
            0.82,
            0.8333333333333333,
            0.8333333333333333,
            0.8466666666666667,
            0.86,
            0.8733333333333333
          ],
          "name": "ca_mol_l",
          "type": "Double"
        },
        {
          "data": [
            0.06818285553342984,
            0.07374657654495773,
            0.07952848269419258,
            0.07952848269419258,
            0.08552857398113439,
            0.09174685040578322,
            0.09818331196813898,
            0.11171079050597145,
            0.11880180748144815,
            0.1261110095946318,
            0.13363839684552248,
            0.13618389011877052,
            0.13618389011877052,
            0.13872938339201857,
            0.14127487666526664,
            0.14382036993851469,
            0.14636586321176273,
            0.15145684975825882,
            0.15400234303150687,
            0.1565478363047549,
            0.15909332957800296,
            0.15909332957800296,
            0.16163882285125103,
            0.16418431612449907,
            0.16672980939774712
          ],
          "name": "cb_mol_l",
          "type": "Double"
        },
        {
          "data": [
            50,
            52,
            54,
            56,
            58,
            60,
            62,
            64,
            66,
            68,
            70,
            72,
            74,
            76,
            78,
            80,
            82,
            84,
            86,
            88,
            90,
            92,
            94,
            96,
            98
          ],
          "name": "valve_hc1_pct",
          "type": "Double"
        },
        {
          "data": [
            50,
            50,
            50,
            50,
            50,
            50,
            50,
            50,
            50,
            50,
            50,
            50,
            50,
            50,
            50,
            50,
            50,
            50,
            50,
            50,
            50,
            50,
            50,
            50,
            50
          ],
          "name": "valve_trca1_pct",
          "type": "Double"
        }
      ]
    }
  },
  "params": {},
  "permissions": {
    "securityLevels": [
      {
        "children": [
          {
            "children": [
              {
                "children": [],
                "name": "Engineer"
              },
              {
                "children": [],
                "name": "Operator"
              }
            ],
            "name": "Roles"
          }
        ],
        "name": "Authenticated"
      }
    ],
    "type": "AnyOf"
  },
  "propConfig": {
    "custom.experimentId": {
      "binding": {
        "config": {
          "fallbackDelay": 2.5,
          "mode": "direct",
          "tagPath": "[default]Exp/EXPERIMENT_ID"
        },
        "type": "tag"
      },
      "persistent": true
    },
    "custom.header": {
      "binding": {
        "config": {
          "parameters": {
            "experiment_id": "{view.custom.experimentId} "
          },
          "queryPath": "GetExperimentHeader"
        },
        "type": "query"
      },
      "persistent": true
    },
    "custom.samples": {
      "binding": {
        "config": {
          "parameters": {
            "experiment_id": "{view.custom.experimentId}"
          },
          "polling": {
            "enabled": true,
            "rate": "2"
          },
          "queryPath": "GetExperimentSamples"
        },
        "type": "query"
      },
      "persistent": true
    }
  },
  "props": {
    "defaultSize": {
      "height": 950,
      "width": 1350
    }
  },
  "root": {
    "children": [
      {
        "meta": {
          "name": "FlexContainer"
        },
        "position": {
          "height": 220,
          "width": 220,
          "x": 833,
          "y": 60.04018020629883
        },
        "props": {
          "style": {
            "borderStyle": "groove"
          }
        },
        "type": "ia.container.flex"
      },
      {
        "meta": {
          "name": "Table"
        },
        "position": {
          "height": 500,
          "width": 800,
          "x": 10,
          "y": 75
        },
        "propConfig": {
          "props.data": {
            "binding": {
              "config": {
                "path": "view.custom.samples"
              },
              "type": "property"
            }
          }
        },
        "props": {
          "columns": [
            {
              "align": "center",
              "boolean": "checkbox",
              "dateFormat": "MM/DD/YYYY",
              "editable": false,
              "field": "ts",
              "filter": {
                "boolean": {
                  "condition": ""
                },
                "date": {
                  "condition": "",
                  "value": ""
                },
                "enabled": false,
                "number": {
                  "condition": "",
                  "value": ""
                },
                "string": {
                  "condition": "",
                  "value": ""
                },
                "visible": "on-hover"
              },
              "footer": {
                "align": "center",
                "justify": "left",
                "style": {
                  "classes": ""
                },
                "title": ""
              },
              "header": {
                "align": "center",
                "justify": "left",
                "style": {
                  "classes": ""
                },
                "title": ""
              },
              "justify": "auto",
              "nullFormat": {
                "includeNullStrings": false,
                "nullFormatValue": "",
                "strict": false
              },
              "number": "value",
              "numberFormat": "0,0.##",
              "progressBar": {
                "bar": {
                  "color": "",
                  "style": {
                    "classes": ""
                  }
                },
                "max": 100,
                "min": 0,
                "track": {
                  "color": "",
                  "style": {
                    "classes": ""
                  }
                },
                "value": {
                  "enabled": true,
                  "format": "0,0.##",
                  "justify": "center",
                  "style": {
                    "classes": ""
                  }
                }
              },
              "render": "auto",
              "resizable": true,
              "sort": "none",
              "sortable": true,
              "strictWidth": false,
              "style": {
                "classes": ""
              },
              "toggleSwitch": {
                "color": {
                  "selected": "",
                  "unselected": ""
                }
              },
              "viewParams": {},
              "viewPath": "",
              "visible": false,
              "width": ""
            },
            {
              "align": "center",
              "boolean": "checkbox",
              "dateFormat": "MM/DD/YYYY",
              "editable": false,
              "field": "t_sec",
              "filter": {
                "boolean": {
                  "condition": ""
                },
                "date": {
                  "condition": "",
                  "value": ""
                },
                "enabled": false,
                "number": {
                  "condition": "",
                  "value": ""
                },
                "string": {
                  "condition": "",
                  "value": ""
                },
                "visible": "on-hover"
              },
              "footer": {
                "align": "center",
                "justify": "left",
                "style": {
                  "classes": ""
                },
                "title": ""
              },
              "header": {
                "align": "center",
                "justify": "left",
                "style": {
                  "classes": ""
                },
                "title": ""
              },
              "justify": "auto",
              "nullFormat": {
                "includeNullStrings": false,
                "nullFormatValue": "",
                "strict": false
              },
              "number": "value",
              "numberFormat": "0,0.##",
              "progressBar": {
                "bar": {
                  "color": "",
                  "style": {
                    "classes": ""
                  }
                },
                "max": 100,
                "min": 0,
                "track": {
                  "color": "",
                  "style": {
                    "classes": ""
                  }
                },
                "value": {
                  "enabled": true,
                  "format": "0,0.##",
                  "justify": "center",
                  "style": {
                    "classes": ""
                  }
                }
              },
              "render": "auto",
              "resizable": true,
              "sort": "none",
              "sortable": true,
              "strictWidth": false,
              "style": {
                "classes": ""
              },
              "toggleSwitch": {
                "color": {
                  "selected": "",
                  "unselected": ""
                }
              },
              "viewParams": {},
              "viewPath": "",
              "visible": true,
              "width": ""
            },
            {
              "align": "center",
              "boolean": "checkbox",
              "dateFormat": "MM/DD/YYYY",
              "editable": false,
              "field": "ca_mol_l",
              "filter": {
                "boolean": {
                  "condition": ""
                },
                "date": {
                  "condition": "",
                  "value": ""
                },
                "enabled": false,
                "number": {
                  "condition": "",
                  "value": ""
                },
                "string": {
                  "condition": "",
                  "value": ""
                },
                "visible": "on-hover"
              },
              "footer": {
                "align": "center",
                "justify": "left",
                "style": {
                  "classes": ""
                },
                "title": ""
              },
              "header": {
                "align": "center",
                "justify": "left",
                "style": {
                  "classes": ""
                },
                "title": ""
              },
              "justify": "auto",
              "nullFormat": {
                "includeNullStrings": false,
                "nullFormatValue": "",
                "strict": false
              },
              "number": "value",
              "numberFormat": "0,0.##",
              "progressBar": {
                "bar": {
                  "color": "",
                  "style": {
                    "classes": ""
                  }
                },
                "max": 100,
                "min": 0,
                "track": {
                  "color": "",
                  "style": {
                    "classes": ""
                  }
                },
                "value": {
                  "enabled": true,
                  "format": "0,0.##",
                  "justify": "center",
                  "style": {
                    "classes": ""
                  }
                }
              },
              "render": "auto",
              "resizable": true,
              "sort": "none",
              "sortable": true,
              "strictWidth": false,
              "style": {
                "classes": ""
              },
              "toggleSwitch": {
                "color": {
                  "selected": "",
                  "unselected": ""
                }
              },
              "viewParams": {},
              "viewPath": "",
              "visible": true,
              "width": ""
            },
            {
              "align": "center",
              "boolean": "checkbox",
              "dateFormat": "MM/DD/YYYY",
              "editable": false,
              "field": "cb_mol_l",
              "filter": {
                "boolean": {
                  "condition": ""
                },
                "date": {
                  "condition": "",
                  "value": ""
                },
                "enabled": false,
                "number": {
                  "condition": "",
                  "value": ""
                },
                "string": {
                  "condition": "",
                  "value": ""
                },
                "visible": "on-hover"
              },
              "footer": {
                "align": "center",
                "justify": "left",
                "style": {
                  "classes": ""
                },
                "title": ""
              },
              "header": {
                "align": "center",
                "justify": "left",
                "style": {
                  "classes": ""
                },
                "title": ""
              },
              "justify": "auto",
              "nullFormat": {
                "includeNullStrings": false,
                "nullFormatValue": "",
                "strict": false
              },
              "number": "value",
              "numberFormat": "0,0.##",
              "progressBar": {
                "bar": {
                  "color": "",
                  "style": {
                    "classes": ""
                  }
                },
                "max": 100,
                "min": 0,
                "track": {
                  "color": "",
                  "style": {
                    "classes": ""
                  }
                },
                "value": {
                  "enabled": true,
                  "format": "0,0.##",
                  "justify": "center",
                  "style": {
                    "classes": ""
                  }
                }
              },
              "render": "auto",
              "resizable": true,
              "sort": "none",
              "sortable": true,
              "strictWidth": false,
              "style": {
                "classes": ""
              },
              "toggleSwitch": {
                "color": {
                  "selected": "",
                  "unselected": ""
                }
              },
              "viewParams": {},
              "viewPath": "",
              "visible": true,
              "width": ""
            },
            {
              "align": "center",
              "boolean": "checkbox",
              "dateFormat": "MM/DD/YYYY",
              "editable": false,
              "field": "valve_hc1_pct",
              "filter": {
                "boolean": {
                  "condition": ""
                },
                "date": {
                  "condition": "",
                  "value": ""
                },
                "enabled": false,
                "number": {
                  "condition": "",
                  "value": ""
                },
                "string": {
                  "condition": "",
                  "value": ""
                },
                "visible": "on-hover"
              },
              "footer": {
                "align": "center",
                "justify": "left",
                "style": {
                  "classes": ""
                },
                "title": ""
              },
              "header": {
                "align": "center",
                "justify": "left",
                "style": {
                  "classes": ""
                },
                "title": ""
              },
              "justify": "auto",
              "nullFormat": {
                "includeNullStrings": false,
                "nullFormatValue": "",
                "strict": false
              },
              "number": "value",
              "numberFormat": "0,0.##",
              "progressBar": {
                "bar": {
                  "color": "",
                  "style": {
                    "classes": ""
                  }
                },
                "max": 100,
                "min": 0,
                "track": {
                  "color": "",
                  "style": {
                    "classes": ""
                  }
                },
                "value": {
                  "enabled": true,
                  "format": "0,0.##",
                  "justify": "center",
                  "style": {
                    "classes": ""
                  }
                }
              },
              "render": "auto",
              "resizable": true,
              "sort": "none",
              "sortable": true,
              "strictWidth": false,
              "style": {
                "classes": ""
              },
              "toggleSwitch": {
                "color": {
                  "selected": "",
                  "unselected": ""
                }
              },
              "viewParams": {},
              "viewPath": "",
              "visible": true,
              "width": ""
            },
            {
              "align": "center",
              "boolean": "checkbox",
              "dateFormat": "MM/DD/YYYY",
              "editable": false,
              "field": "valve_trca1_pct",
              "filter": {
                "boolean": {
                  "condition": ""
                },
                "date": {
                  "condition": "",
                  "value": ""
                },
                "enabled": false,
                "number": {
                  "condition": "",
                  "value": ""
                },
                "string": {
                  "condition": "",
                  "value": ""
                },
                "visible": "on-hover"
              },
              "footer": {
                "align": "center",
                "justify": "left",
                "style": {
                  "classes": ""
                },
                "title": ""
              },
              "header": {
                "align": "center",
                "justify": "left",
                "style": {
                  "classes": ""
                },
                "title": ""
              },
              "justify": "auto",
              "nullFormat": {
                "includeNullStrings": false,
                "nullFormatValue": "",
                "strict": false
              },
              "number": "value",
              "numberFormat": "0,0.##",
              "progressBar": {
                "bar": {
                  "color": "",
                  "style": {
                    "classes": ""
                  }
                },
                "max": 100,
                "min": 0,
                "track": {
                  "color": "",
                  "style": {
                    "classes": ""
                  }
                },
                "value": {
                  "enabled": true,
                  "format": "0,0.##",
                  "justify": "center",
                  "style": {
                    "classes": ""
                  }
                }
              },
              "render": "auto",
              "resizable": true,
              "sort": "none",
              "sortable": true,
              "strictWidth": false,
              "style": {
                "classes": ""
              },
              "toggleSwitch": {
                "color": {
                  "selected": "",
                  "unselected": ""
                }
              },
              "viewParams": {},
              "viewPath": "",
              "visible": true,
              "width": ""
            }
          ]
        },
        "type": "ia.display.table"
      },
      {
        "meta": {
          "name": "CoordinateContainer"
        },
        "position": {
          "height": 50,
          "width": 800,
          "x": 10,
          "y": 56
        },
        "props": {
          "style": {
            "backgroundColor": "#D5D5D5",
            "borderStyle": "groove"
          }
        },
        "type": "ia.container.coord"
      },
      {
        "meta": {
          "name": "Label"
        },
        "position": {
          "height": 49,
          "width": 123,
          "y": 56
        },
        "props": {
          "style": {
            "backgroundColor": "#D5D5D5",
            "borderStyle": "groove"
          },
          "text": "Время с начала эсперимента, с"
        },
        "type": "ia.display.label"
      },
      {
        "meta": {
          "name": "Label_0"
        },
        "position": {
          "height": 49,
          "width": 134,
          "x": 125,
          "y": 56
        },
        "props": {
          "style": {
            "backgroundColor": "#D5D5D5",
            "borderStyle": "groove"
          },
          "text": "Концентрация А, моль/л"
        },
        "type": "ia.display.label"
      },
      {
        "meta": {
          "name": "Label_1"
        },
        "position": {
          "height": 49,
          "rotate": {
            "anchor": "50% 38%"
          },
          "width": 129,
          "x": 265.3191450500488,
          "y": 56
        },
        "props": {
          "style": {
            "backgroundColor": "#D5D5D5",
            "borderStyle": "groove"
          },
          "text": "Концентрация B, моль/л"
        },
        "type": "ia.display.label"
      },
      {
        "meta": {
          "name": "Label_2"
        },
        "position": {
          "height": 49,
          "width": 143,
          "x": 416.84,
          "y": 56
        },
        "props": {
          "style": {
            "backgroundColor": "#D5D5D5",
            "borderStyle": "groove"
          },
          "text": "Степень открытия HC-1 %"
        },
        "type": "ia.display.label"
      },
      {
        "meta": {
          "name": "Label_3"
        },
        "position": {
          "height": 49,
          "rotate": {
            "anchor": "50% 40%"
          },
          "width": 138,
          "x": 572.9773754882813,
          "y": 56
        },
        "props": {
          "style": {
            "backgroundColor": "#D5D5D5",
            "borderStyle": "groove"
          },
          "text": "Степень открытия HC-3 %"
        },
        "type": "ia.display.label"
      },
      {
        "meta": {
          "name": "Label_4"
        },
        "position": {
          "height": 32,
          "width": 365,
          "x": 459,
          "y": 12
        },
        "props": {
          "text": "ОТЧЕТ ПО МАТЕМАТИЧЕСКОЙ МОДЕЛИ"
        },
        "type": "ia.display.label"
      },
      {
        "meta": {
          "name": "Label_5"
        },
        "position": {
          "height": 32,
          "width": 200,
          "x": 843,
          "y": 74.04018020629883
        },
        "propConfig": {
          "props.text": {
            "binding": {
              "config": {
                "expression": "{view.custom.header}[0, \"substance_name\"]"
              },
              "type": "expr"
            }
          }
        },
        "props": {
          "style": {
            "backgroundColor": "#FFFFCC",
            "borderStyle": "groove"
          }
        },
        "type": "ia.display.label"
      },
      {
        "meta": {
          "name": "Label_6"
        },
        "position": {
          "height": 32,
          "width": 200,
          "x": 843,
          "y": 154.04018020629883
        },
        "propConfig": {
          "props.text": {
            "binding": {
              "config": {
                "expression": "\"Объем реактора: \" + {[default]Reactors/1-F/REACTOR_VOLUME} + \" л.\""
              },
              "type": "expr"
            }
          }
        },
        "props": {
          "style": {
            "backgroundColor": "#FFFFCC",
            "borderStyle": "groove"
          }
        },
        "type": "ia.display.label"
      },
      {
        "meta": {
          "name": "Label_7"
        },
        "position": {
          "height": 32,
          "width": 200,
          "x": 843,
          "y": 114.04018020629883
        },
        "propConfig": {
          "props.text": {
            "binding": {
              "config": {
                "expression": "\"Шаг клапана: \" + {view.custom.header}[0, \"valve_step_pct\"]"
              },
              "type": "expr"
            }
          }
        },
        "props": {
          "style": {
            "backgroundColor": "#FFFFCC",
            "borderStyle": "groove"
          }
        },
        "type": "ia.display.label"
      },
      {
        "meta": {
          "name": "XYChart"
        },
        "position": {
          "height": 380,
          "width": 800,
          "x": 10,
          "y": 575
        },
        "propConfig": {
          "props.dataSources.example": {
            "binding": {
              "config": {
                "path": "../Table.props.data"
              },
              "type": "property"
            }
          }
        },
        "props": {
          "dataSources": {},
          "legend": {
            "markers": {
              "icon": {
                "color": "#D5D5D5"
              },
              "stroke": {
                "color": "#D5D5D5"
              }
            }
          },
          "series": [
            {
              "candlestick": {
                "appearance": {
                  "deriveFieldsFromData": {
                    "fill": {
                      "color": "",
                      "opacity": ""
                    },
                    "stroke": {
                      "color": "",
                      "opacity": "",
                      "width": ""
                    }
                  },
                  "fill": {
                    "color": "",
                    "opacity": 1
                  },
                  "heatRules": {
                    "dataField": "",
                    "enabled": false,
                    "max": "",
                    "min": ""
                  },
                  "stacked": false,
                  "stroke": {
                    "color": "",
                    "opacity": 1,
                    "width": 1
                  }
                },
                "high": {
                  "x": "",
                  "y": ""
                },
                "low": {
                  "x": "",
                  "y": ""
                },
                "open": {
                  "x": "",
                  "y": ""
                }
              },
              "column": {
                "appearance": {
                  "deriveFieldsFromData": {
                    "fill": {
                      "color": "",
                      "opacity": ""
                    },
                    "stroke": {
                      "color": "",
                      "opacity": "",
                      "width": ""
                    }
                  },
                  "fill": {
                    "color": "",
                    "opacity": 1
                  },
                  "heatRules": {
                    "dataField": "",
                    "enabled": false,
                    "max": "",
                    "min": ""
                  },
                  "height": null,
                  "stacked": false,
                  "stroke": {
                    "color": "",
                    "opacity": 1,
                    "width": 1
                  },
                  "width": null
                },
                "open": {
                  "x": "",
                  "y": ""
                }
              },
              "data": {
                "source": "example",
                "x": "t_sec",
                "y": "ca_mol_l"
              },
              "defaultState": {
                "visible": true
              },
              "hiddenInLegend": false,
              "label": {
                "text": "Концентрация A"
              },
              "line": {
                "appearance": {
                  "bullets": [
                    {
                      "deriveFieldsFromData": {
                        "fill": {
                          "color": "",
                          "opacity": ""
                        },
                        "rotation": "",
                        "stroke": {
                          "color": "",
                          "opacity": "",
                          "width": ""
                        }
                      },
                      "enabled": false,
                      "fill": {
                        "color": "",
                        "opacity": 1
                      },
                      "heatRules": {
                        "dataField": "",
                        "enabled": false,
                        "max": 100,
                        "min": 2
                      },
                      "height": 10,
                      "label": {
                        "position": {
                          "dx": 0,
                          "dy": 0
                        },
                        "text": "{value}"
                      },
                      "render": "circle",
                      "rotation": 0,
                      "stroke": {
                        "color": "",
                        "opacity": 1,
                        "width": 1
                      },
                      "tooltip": {
                        "background": {
                          "color": "",
                          "opacity": 1
                        },
                        "cornerRadius": 3,
                        "enabled": true,
                        "pointerLength": 4,
                        "text": "{name}: [bold]{valueY}[/]"
                      },
                      "width": 10
                    }
                  ],
                  "connect": true,
                  "fill": {
                    "color": "#D5D5D5",
                    "opacity": 0
                  },
                  "minDistance": 0.5,
                  "stroke": {
                    "color": "#0000D9",
                    "dashArray": "",
                    "opacity": 1,
                    "width": 3
                  },
                  "tensionX": 1,
                  "tensionY": 1
                },
                "open": {
                  "x": "",
                  "y": ""
                }
              },
              "name": "CA",
              "render": "line",
              "stepLine": {
                "appearance": {
                  "bullets": [
                    {
                      "deriveFieldsFromData": {
                        "fill": {
                          "color": "",
                          "opacity": ""
                        },
                        "rotation": "",
                        "stroke": {
                          "color": "",
                          "opacity": "",
                          "width": ""
                        }
                      },
                      "enabled": true,
                      "fill": {
                        "color": "",
                        "opacity": 1
                      },
                      "heatRules": {
                        "dataField": "",
                        "enabled": false,
                        "max": 100,
                        "min": 2
                      },
                      "height": 10,
                      "label": {
                        "position": {
                          "dx": 0,
                          "dy": 0
                        },
                        "text": "{value}"
                      },
                      "render": "circle",
                      "rotation": 0,
                      "stroke": {
                        "color": "",
                        "opacity": 1,
                        "width": 1
                      },
                      "tooltip": {
                        "background": {
                          "color": "",
                          "opacity": 1
                        },
                        "cornerRadius": 3,
                        "enabled": true,
                        "pointerLength": 4,
                        "text": "{name}: [bold]{valueY}[/]"
                      },
                      "width": 10
                    }
                  ],
                  "connect": true,
                  "fill": {
                    "color": "",
                    "opacity": 0
                  },
                  "minDistance": 0.5,
                  "stroke": {
                    "color": "",
                    "dashArray": "",
                    "opacity": 1,
                    "width": 3
                  },
                  "tensionX": 1,
                  "tensionY": 1
                },
                "open": {
                  "x": "",
                  "y": ""
                }
              },
              "tooltip": {
                "background": {
                  "color": "#D5D5D5",
                  "opacity": 1
                },
                "cornerRadius": 3,
                "enabled": true,
                "pointerLength": 4,
                "text": "{name}: [bold]{valueY}[/]"
              },
              "visible": true,
              "xAxis": "t",
              "yAxis": "ca",
              "zIndex": 0
            },
            {
              "candlestick": {
                "appearance": {
                  "deriveFieldsFromData": {
                    "fill": {
                      "color": "",
                      "opacity": ""
                    },
                    "stroke": {
                      "color": "",
                      "opacity": "",
                      "width": ""
                    }
                  },
                  "fill": {
                    "color": "",
                    "opacity": 1
                  },
                  "heatRules": {
                    "dataField": "",
                    "enabled": false,
                    "max": "",
                    "min": ""
                  },
                  "stacked": false,
                  "stroke": {
                    "color": "",
                    "opacity": 1,
                    "width": 1
                  }
                },
                "high": {
                  "x": "",
                  "y": ""
                },
                "low": {
                  "x": "",
                  "y": ""
                },
                "open": {
                  "x": "",
                  "y": ""
                }
              },
              "column": {
                "appearance": {
                  "deriveFieldsFromData": {
                    "fill": {
                      "color": "",
                      "opacity": ""
                    },
                    "stroke": {
                      "color": "",
                      "opacity": "",
                      "width": ""
                    }
                  },
                  "fill": {
                    "color": "",
                    "opacity": 1
                  },
                  "heatRules": {
                    "dataField": "",
                    "enabled": false,
                    "max": "",
                    "min": ""
                  },
                  "height": null,
                  "stacked": false,
                  "stroke": {
                    "color": "",
                    "opacity": 1,
                    "width": 1
                  },
                  "width": null
                },
                "open": {
                  "x": "",
                  "y": ""
                }
              },
              "data": {
                "source": "example",
                "x": "t_sec",
                "y": "cb_mol_l"
              },
              "defaultState": {
                "visible": true
              },
              "hiddenInLegend": false,
              "label": {
                "text": "Концентрация B"
              },
              "line": {
                "appearance": {
                  "bullets": [
                    {
                      "deriveFieldsFromData": {
                        "fill": {
                          "color": "",
                          "opacity": ""
                        },
                        "rotation": "",
                        "stroke": {
                          "color": "",
                          "opacity": "",
                          "width": ""
                        }
                      },
                      "enabled": false,
                      "fill": {
                        "color": "",
                        "opacity": 1
                      },
                      "heatRules": {
                        "dataField": "",
                        "enabled": false,
                        "max": 100,
                        "min": 2
                      },
                      "height": 10,
                      "label": {
                        "position": {
                          "dx": 0,
                          "dy": 0
                        },
                        "text": "{value}"
                      },
                      "render": "circle",
                      "rotation": 0,
                      "stroke": {
                        "color": "#8AFF8A",
                        "opacity": 1,
                        "width": 1
                      },
                      "tooltip": {
                        "background": {
                          "color": "",
                          "opacity": 1
                        },
                        "cornerRadius": 3,
                        "enabled": true,
                        "pointerLength": 4,
                        "text": "{name}: [bold]{valueY}[/]"
                      },
                      "width": 10
                    }
                  ],
                  "connect": true,
                  "fill": {
                    "color": "",
                    "opacity": 0
                  },
                  "minDistance": 0.5,
                  "stroke": {
                    "color": "#800080",
                    "dashArray": "",
                    "opacity": 1,
                    "width": 3
                  },
                  "tensionX": 1,
                  "tensionY": 1
                },
                "open": {
                  "x": "",
                  "y": ""
                }
              },
              "name": "CB",
              "render": "line",
              "stepLine": {
                "appearance": {
                  "bullets": [
                    {
                      "deriveFieldsFromData": {
                        "fill": {
                          "color": "",
                          "opacity": ""
                        },
                        "rotation": "",
                        "stroke": {
                          "color": "",
                          "opacity": "",
                          "width": ""
                        }
                      },
                      "enabled": true,
                      "fill": {
                        "color": "",
                        "opacity": 1
                      },
                      "heatRules": {
                        "dataField": "",
                        "enabled": false,
                        "max": 100,
                        "min": 2
                      },
                      "height": 10,
                      "label": {
                        "position": {
                          "dx": 0,
                          "dy": 0
                        },
                        "text": "{value}"
                      },
                      "render": "circle",
                      "rotation": 0,
                      "stroke": {
                        "color": "",
                        "opacity": 1,
                        "width": 1
                      },
                      "tooltip": {
                        "background": {
                          "color": "",
                          "opacity": 1
                        },
                        "cornerRadius": 3,
                        "enabled": true,
                        "pointerLength": 4,
                        "text": "{name}: [bold]{valueY}[/]"
                      },
                      "width": 10
                    }
                  ],
                  "connect": true,
                  "fill": {
                    "color": "",
                    "opacity": 0
                  },
                  "minDistance": 0.5,
                  "stroke": {
                    "color": "",
                    "dashArray": "",
                    "opacity": 1,
                    "width": 3
                  },
                  "tensionX": 1,
                  "tensionY": 1
                },
                "open": {
                  "x": "",
                  "y": ""
                }
              },
              "tooltip": {
                "background": {
                  "color": "",
                  "opacity": 1
                },
                "cornerRadius": 3,
                "enabled": true,
                "pointerLength": 4,
                "text": "{name}: [bold]{valueY}[/]"
              },
              "visible": true,
              "xAxis": "t",
              "yAxis": "ca",
              "zIndex": 0
            },
            {
              "candlestick": {
                "appearance": {
                  "deriveFieldsFromData": {
                    "fill": {
                      "color": "",
                      "opacity": ""
                    },
                    "stroke": {
                      "color": "",
                      "opacity": "",
                      "width": ""
                    }
                  },
                  "fill": {
                    "color": "",
                    "opacity": 1
                  },
                  "heatRules": {
                    "dataField": "",
                    "enabled": false,
                    "max": "",
                    "min": ""
                  },
                  "stacked": false,
                  "stroke": {
                    "color": "",
                    "opacity": 1,
                    "width": 1
                  }
                },
                "high": {
                  "x": "",
                  "y": ""
                },
                "low": {
                  "x": "",
                  "y": ""
                },
                "open": {
                  "x": "",
                  "y": ""
                }
              },
              "column": {
                "appearance": {
                  "deriveFieldsFromData": {
                    "fill": {
                      "color": "",
                      "opacity": ""
                    },
                    "stroke": {
                      "color": "",
                      "opacity": "",
                      "width": ""
                    }
                  },
                  "fill": {
                    "color": "",
                    "opacity": 1
                  },
                  "heatRules": {
                    "dataField": "",
                    "enabled": false,
                    "max": "",
                    "min": ""
                  },
                  "height": null,
                  "stacked": false,
                  "stroke": {
                    "color": "",
                    "opacity": 1,
                    "width": 1
                  },
                  "width": null
                },
                "open": {
                  "x": "",
                  "y": ""
                }
              },
              "data": {
                "source": "example",
                "x": "t_sec",
                "y": "valve_hc1_pct"
              },
              "defaultState": {
                "visible": true
              },
              "hiddenInLegend": false,
              "label": {
                "text": "Клапан HC-1"
              },
              "line": {
                "appearance": {
                  "bullets": [
                    {
                      "deriveFieldsFromData": {
                        "fill": {
                          "color": "",
                          "opacity": ""
                        },
                        "rotation": "",
                        "stroke": {
                          "color": "#D9D900",
                          "opacity": "",
                          "width": ""
                        }
                      },
                      "enabled": false,
                      "fill": {
                        "color": "#D9D900",
                        "opacity": 1
                      },
                      "heatRules": {
                        "dataField": "",
                        "enabled": false,
                        "max": 100,
                        "min": 2
                      },
                      "height": 10,
                      "label": {
                        "position": {
                          "dx": 0,
                          "dy": 0
                        },
                        "text": "{value}"
                      },
                      "render": "circle",
                      "rotation": 0,
                      "stroke": {
                        "color": "#00FF00",
                        "opacity": 1,
                        "width": 1
                      },
                      "tooltip": {
                        "background": {
                          "color": "",
                          "opacity": 1
                        },
                        "cornerRadius": 3,
                        "enabled": true,
                        "pointerLength": 4,
                        "text": "{name}: [bold]{valueY}[/]"
                      },
                      "width": 10
                    }
                  ],
                  "connect": true,
                  "fill": {
                    "color": "",
                    "opacity": 0
                  },
                  "minDistance": 0.5,
                  "stroke": {
                    "color": "#FF8C00",
                    "dashArray": "",
                    "opacity": 1,
                    "width": 3
                  },
                  "tensionX": 1,
                  "tensionY": 1
                },
                "open": {
                  "x": "",
                  "y": ""
                }
              },
              "name": "HC-1",
              "render": "step line",
              "stepLine": {
                "appearance": {
                  "bullets": [
                    {
                      "deriveFieldsFromData": {
                        "fill": {
                          "color": "",
                          "opacity": ""
                        },
                        "rotation": "",
                        "stroke": {
                          "color": "",
                          "opacity": "",
                          "width": ""
                        }
                      },
                      "enabled": true,
                      "fill": {
                        "color": "",
                        "opacity": 1
                      },
                      "heatRules": {
                        "dataField": "",
                        "enabled": false,
                        "max": 100,
                        "min": 2
                      },
                      "height": 10,
                      "label": {
                        "position": {
                          "dx": 0,
                          "dy": 0
                        },
                        "text": "{value}"
                      },
                      "render": "label",
                      "rotation": 0,
                      "stroke": {
                        "color": "",
                        "opacity": 1,
                        "width": 1
                      },
                      "tooltip": {
                        "background": {
                          "color": "",
                          "opacity": 1
                        },
                        "cornerRadius": 3,
                        "enabled": true,
                        "pointerLength": 4,
                        "text": "{name}: [bold]{valueY}[/]"
                      },
                      "width": 10
                    }
                  ],
                  "connect": true,
                  "fill": {
                    "color": "#AC5F00",
                    "opacity": 0
                  },
                  "minDistance": 0.5,
                  "stroke": {
                    "color": "#AC0000",
                    "dashArray": "",
                    "opacity": 1,
                    "width": 3
                  },
                  "tensionX": 1,
                  "tensionY": 1
                },
                "open": {
                  "x": "",
                  "y": ""
                }
              },
              "tooltip": {
                "background": {
                  "color": "#00D9D9",
                  "opacity": 1
                },
                "cornerRadius": 3,
                "enabled": true,
                "pointerLength": 4,
                "text": "{name}: [bold]{valueY}[/]"
              },
              "visible": true,
              "xAxis": "t",
              "yAxis": "valve",
              "zIndex": 0
            },
            {
              "candlestick": {
                "appearance": {
                  "deriveFieldsFromData": {
                    "fill": {
                      "color": "",
                      "opacity": ""
                    },
                    "stroke": {
                      "color": "",
                      "opacity": "",
                      "width": ""
                    }
                  },
                  "fill": {
                    "color": "",
                    "opacity": 1
                  },
                  "heatRules": {
                    "dataField": "",
                    "enabled": false,
                    "max": "",
                    "min": ""
                  },
                  "stacked": false,
                  "stroke": {
                    "color": "",
                    "opacity": 1,
                    "width": 1
                  }
                },
                "high": {
                  "x": "",
                  "y": ""
                },
                "low": {
                  "x": "",
                  "y": ""
                },
                "open": {
                  "x": "",
                  "y": ""
                }
              },
              "column": {
                "appearance": {
                  "deriveFieldsFromData": {
                    "fill": {
                      "color": "",
                      "opacity": ""
                    },
                    "stroke": {
                      "color": "",
                      "opacity": "",
                      "width": ""
                    }
                  },
                  "fill": {
                    "color": "",
                    "opacity": 1
                  },
                  "heatRules": {
                    "dataField": "",
                    "enabled": false,
                    "max": "",
                    "min": ""
                  },
                  "height": null,
                  "stacked": false,
                  "stroke": {
                    "color": "",
                    "opacity": 1,
                    "width": 1
                  },
                  "width": null
                },
                "open": {
                  "x": "",
                  "y": ""
                }
              },
              "data": {
                "source": "example",
                "x": "t_sec",
                "y": "valve_trca1_pct"
              },
              "defaultState": {
                "visible": true
              },
              "hiddenInLegend": false,
              "label": {
                "text": "Клапан HC-3"
              },
              "line": {
                "appearance": {
                  "bullets": [
                    {
                      "deriveFieldsFromData": {
                        "fill": {
                          "color": "",
                          "opacity": ""
                        },
                        "rotation": "",
                        "stroke": {
                          "color": "",
                          "opacity": "",
                          "width": ""
                        }
                      },
                      "enabled": false,
                      "fill": {
                        "color": "",
                        "opacity": 1
                      },
                      "heatRules": {
                        "dataField": "",
                        "enabled": false,
                        "max": 100,
                        "min": 2
                      },
                      "height": 10,
                      "label": {
                        "position": {
                          "dx": 0,
                          "dy": 0
                        },
                        "text": "{value}"
                      },
                      "render": "circle",
                      "rotation": 0,
                      "stroke": {
                        "color": "",
                        "opacity": 1,
                        "width": 1
                      },
                      "tooltip": {
                        "background": {
                          "color": "",
                          "opacity": 1
                        },
                        "cornerRadius": 3,
                        "enabled": true,
                        "pointerLength": 4,
                        "text": "{name}: [bold]{valueY}[/]"
                      },
                      "width": 10
                    }
                  ],
                  "connect": true,
                  "fill": {
                    "color": "",
                    "opacity": 0
                  },
                  "minDistance": 0.5,
                  "stroke": {
                    "color": "#00D900",
                    "dashArray": "",
                    "opacity": 1,
                    "width": 3
                  },
                  "tensionX": 1,
                  "tensionY": 1
                },
                "open": {
                  "x": "",
                  "y": ""
                }
              },
              "name": "HC-3",
              "render": "line",
              "stepLine": {
                "appearance": {
                  "bullets": [
                    {
                      "deriveFieldsFromData": {
                        "fill": {
                          "color": "",
                          "opacity": ""
                        },
                        "rotation": "",
                        "stroke": {
                          "color": "",
                          "opacity": "",
                          "width": ""
                        }
                      },
                      "enabled": false,
                      "fill": {
                        "color": "#AAAAAA",
                        "opacity": 1
                      },
                      "heatRules": {
                        "dataField": "",
                        "enabled": true,
                        "max": 100,
                        "min": 2
                      },
                      "height": 10,
                      "label": {
                        "position": {
                          "dx": 0,
                          "dy": 0
                        },
                        "text": "{value}"
                      },
                      "render": "label",
                      "rotation": 0,
                      "stroke": {
                        "color": "",
                        "opacity": 1,
                        "width": 1
                      },
                      "tooltip": {
                        "background": {
                          "color": "",
                          "opacity": 1
                        },
                        "cornerRadius": 3,
                        "enabled": false,
                        "pointerLength": 4,
                        "text": "{name}: [bold]{valueY}[/]"
                      },
                      "width": 10
                    }
                  ],
                  "connect": true,
                  "fill": {
                    "color": "#FFFFFF",
                    "opacity": 0
                  },
                  "minDistance": 0.5,
                  "stroke": {
                    "color": "#00AC00",
                    "dashArray": "",
                    "opacity": 1,
                    "width": 3
                  },
                  "tensionX": 1,
                  "tensionY": 1
                },
                "open": {
                  "x": "",
                  "y": ""
                }
              },
              "tooltip": {
                "background": {
                  "color": "#FFAC47",
                  "opacity": 1
                },
                "cornerRadius": 0,
                "enabled": true,
                "pointerLength": 0,
                "text": "{name}: [bold]{valueY}[/]"
              },
              "visible": true,
              "xAxis": "t",
              "yAxis": "valve",
              "zIndex": 0
            }
          ],
          "subtitle": {
            "appearance": {
              "color": "#D5D5D5"
            }
          },
          "title": {
            "appearance": {
              "color": "#D5D5D5"
            }
          },
          "xAxes": [
            {
              "appearance": {
                "font": {
                  "size": "",
                  "weight": 500
                },
                "grid": {
                  "color": "",
                  "dashArray": "",
                  "minDistance": 60,
                  "opacity": 1,
                  "position": 0.5
                },
                "inside": false,
                "labels": {
                  "color": "",
                  "horizontalCenter": "middle",
                  "opacity": 1,
                  "rotation": 0,
                  "verticalCenter": "middle"
                },
                "opposite": false
              },
              "category": {
                "break": {
                  "enabled": false,
                  "endCategory": "",
                  "size": 0.05,
                  "startCategory": ""
                }
              },
              "date": {
                "baseInterval": {
                  "count": 1,
                  "enabled": false,
                  "skipEmptyPeriods": false,
                  "timeUnit": "hour"
                },
                "break": {
                  "enabled": false,
                  "endDate": "",
                  "size": 0.05,
                  "startDate": ""
                },
                "format": "hh:mm:ss",
                "inputFormat": "yyyy-MM-dd kk:mm:ss",
                "range": {
                  "max": "",
                  "min": "",
                  "useStrict": false
                }
              },
              "inversed": false,
              "label": {
                "color": "",
                "enabled": true,
                "text": "Время, с"
              },
              "name": "t",
              "render": "value",
              "tooltip": {
                "background": {
                  "color": "",
                  "opacity": 1
                },
                "cornerRadius": 3,
                "enabled": true,
                "pointerLength": 4,
                "text": ""
              },
              "value": {
                "break": {
                  "enabled": false,
                  "endValue": 100,
                  "size": 0.05,
                  "startValue": 0
                },
                "format": "#,###",
                "logarithmic": false,
                "range": {
                  "max": 30,
                  "min": 0,
                  "useStrict": false
                }
              },
              "visible": true
            }
          ],
          "yAxes": [
            {
              "appearance": {
                "font": {
                  "size": "",
                  "weight": 500
                },
                "grid": {
                  "color": "",
                  "dashArray": "",
                  "minDistance": null,
                  "opacity": 1,
                  "position": 0.5
                },
                "inside": false,
                "labels": {
                  "color": "",
                  "horizontalCenter": "middle",
                  "opacity": 1,
                  "rotation": 0,
                  "verticalCenter": "middle"
                },
                "opposite": false
              },
              "category": {
                "break": {
                  "enabled": false,
                  "endCategory": "",
                  "size": 0.05,
                  "startCategory": ""
                }
              },
              "date": {
                "baseInterval": {
                  "count": 1,
                  "enabled": false,
                  "skipEmptyPeriods": false,
                  "timeUnit": "hour"
                },
                "break": {
                  "enabled": false,
                  "endDate": "",
                  "size": 0.05,
                  "startDate": ""
                },
                "format": "HH",
                "inputFormat": "HH:mm:ss a",
                "range": {
                  "max": "",
                  "min": "",
                  "useStrict": false
                }
              },
              "inversed": false,
              "label": {
                "color": "",
                "enabled": true,
                "key": "value",
                "text": "Концентрация, моль/л"
              },
              "name": "ca",
              "render": "value",
              "tooltip": {
                "background": {
                  "color": "",
                  "opacity": 1
                },
                "cornerRadius": 3,
                "enabled": true,
                "pointerLength": 4,
                "text": ""
              },
              "value": {
                "break": {
                  "enabled": false,
                  "endValue": 100,
                  "size": 0.05,
                  "startValue": 0
                },
                "format": "#,###.##",
                "logarithmic": false,
                "range": {
                  "max": 1,
                  "min": 0,
                  "useStrict": false
                }
              },
              "visible": true
            },
            {
              "appearance": {
                "font": {
                  "size": "",
                  "weight": 500
                },
                "grid": {
                  "color": "",
                  "dashArray": "",
                  "minDistance": null,
                  "opacity": 1,
                  "position": 0.5
                },
                "inside": false,
                "labels": {
                  "color": "",
                  "horizontalCenter": "middle",
                  "opacity": 1,
                  "rotation": 0,
                  "verticalCenter": "middle"
                },
                "opposite": true
              },
              "category": {
                "break": {
                  "enabled": false,
                  "endCategory": "",
                  "size": 0.05,
                  "startCategory": ""
                }
              },
              "date": {
                "baseInterval": {
                  "count": 1,
                  "enabled": false,
                  "skipEmptyPeriods": false,
                  "timeUnit": "hour"
                },
                "break": {
                  "enabled": false,
                  "endDate": "",
                  "size": 0.05,
                  "startDate": ""
                },
                "format": "M/d/yyyy HH:mm:ss",
                "inputFormat": "yyyy-MM-dd kk:mm:ss",
                "range": {
                  "max": "",
                  "min": "",
                  "useStrict": false
                }
              },
              "inversed": false,
              "label": {
                "color": "",
                "enabled": true,
                "key": "value",
                "text": "Степень открытия, %"
              },
              "name": "valve",
              "render": "category",
              "tooltip": {
                "background": {
                  "color": "",
                  "opacity": 1
                },
                "cornerRadius": 3,
                "enabled": true,
                "pointerLength": 4,
                "text": ""
              },
              "value": {
                "break": {
                  "enabled": false,
                  "endValue": 100,
                  "size": 0.05,
                  "startValue": 0
                },
                "format": "#,###.##",
                "logarithmic": false,
                "range": {
                  "max": 100,
                  "min": 0,
                  "useStrict": false
                }
              },
              "visible": true
            }
          ]
        },
        "type": "ia.chart.xy"
      },
      {
        "meta": {
          "name": "Label_8"
        },
        "position": {
          "height": 32,
          "width": 200,
          "x": 843,
          "y": 194.04018020629883
        },
        "propConfig": {
          "props.text": {
            "binding": {
              "config": {
                "expression": "\"Параметр: \" + {view.custom.header}[0, \"const_param\"] + \" константа\""
              },
              "type": "expr"
            }
          }
        },
        "props": {
          "style": {
            "backgroundColor": "#FFFFCC",
            "borderStyle": "groove"
          }
        },
        "type": "ia.display.label"
      },
      {
        "meta": {
          "name": "Label_9"
        },
        "position": {
          "height": 32,
          "width": 200,
          "x": 843,
          "y": 234.04018020629883
        },
        "propConfig": {
          "props.text": {
            "binding": {
              "config": {
                "expression": "\"Расход: \" + {[default]Sensors/FRA-1/PROCESS_VALUE} + \" л/мин\""
              },
              "type": "expr"
            }
          }
        },
        "props": {
          "style": {
            "backgroundColor": "#FFFFCC",
            "borderStyle": "groove"
          }
        },
        "type": "ia.display.label"
      },
      {
        "meta": {
          "name": "FlexContainer_0"
        },
        "position": {
          "height": 180,
          "width": 220,
          "x": 833,
          "y": 300.0401802062988
        },
        "props": {
          "style": {
            "borderStyle": "groove"
          }
        },
        "type": "ia.container.flex"
      },
      {
        "meta": {
          "name": "Label_10"
        },
        "position": {
          "height": 32,
          "width": 200,
          "x": 843,
          "y": 314.0401802062988
        },
        "propConfig": {
          "props.text": {
            "binding": {
              "config": {
                "expression": "\"EA1: \" + {[default]Model/Config/EA1} + \" Дж/моль\""
              },
              "type": "expr"
            }
          }
        },
        "props": {
          "style": {
            "backgroundColor": "#FFFFCC",
            "borderStyle": "groove"
          }
        },
        "type": "ia.display.label"
      },
      {
        "meta": {
          "name": "Label_11"
        },
        "position": {
          "height": 32,
          "width": 200,
          "x": 843,
          "y": 354.0401802062988
        },
        "propConfig": {
          "props.text": {
            "binding": {
              "config": {
                "expression": "\"EA2: \" + {[default]Model/Config/EA2} + \" Дж/моль\""
              },
              "type": "expr"
            }
          }
        },
        "props": {
          "style": {
            "backgroundColor": "#FFFFCC",
            "borderStyle": "groove"
          }
        },
        "type": "ia.display.label"
      },
      {
        "meta": {
          "name": "Label_12"
        },
        "position": {
          "height": 32,
          "width": 200,
          "x": 843,
          "y": 394.0401802062988
        },
        "propConfig": {
          "props.text": {
            "binding": {
              "config": {
                "expression": "\"k01: \" + {[default]Model/Config/k01} + \" 1/c\""
              },
              "type": "expr"
            }
          }
        },
        "props": {
          "style": {
            "backgroundColor": "#FFFFCC",
            "borderStyle": "groove"
          }
        },
        "type": "ia.display.label"
      },
      {
        "meta": {
          "name": "Label_13"
        },
        "position": {
          "height": 32,
          "width": 200,
          "x": 843,
          "y": 434.0401802062988
        },
        "propConfig": {
          "props.text": {
            "binding": {
              "config": {
                "expression": "\"k02: \" + {[default]Model/Config/k02} + \" 1/c\""
              },
              "type": "expr"
            }
          }
        },
        "props": {
          "style": {
            "backgroundColor": "#FFFFCC",
            "borderStyle": "groove"
          }
        },
        "type": "ia.display.label"
      }
    ],
    "meta": {
      "name": "root"
    },
    "position": {
      "x": 16,
      "y": 116
    },
    "type": "ia.container.coord"
  }
}