{
  "custom": {},
  "params": {},
  "props": {},
  "root": {
    "children": [
      {
        "meta": {
          "name": "FlexContainer"
        },
        "position": {
          "height": 160,
          "width": 120,
          "x": 230,
          "y": 182
        },
        "props": {
          "style": {
            "backgroundColor": "#8F8F8C",
            "borderStyle": "groove"
          }
        },
        "type": "ia.container.flex"
      },
      {
        "meta": {
          "name": "sp"
        },
        "position": {
          "height": 32,
          "width": 50,
          "x": 239.99,
          "y": 216
        },
        "props": {
          "style": {
            "color": "#FFFFFF"
          },
          "text": "SP"
        },
        "type": "ia.display.label"
      },
      {
        "meta": {
          "name": "name valve"
        },
        "position": {
          "height": 32,
          "width": 50,
          "x": 239.9620027770996,
          "y": 181.98920874023437
        },
        "props": {
          "style": {
            "color": "#00FF00"
          },
          "text": "name"
        },
        "type": "ia.display.label"
      },
      {
        "meta": {
          "name": "pv"
        },
        "position": {
          "height": 32,
          "width": 50,
          "x": 239.99,
          "y": 255
        },
        "props": {
          "style": {
            "color": "#00FFFF"
          },
          "text": "PV"
        },
        "type": "ia.display.label"
      },
      {
        "meta": {
          "name": "op"
        },
        "position": {
          "height": 32,
          "width": 50,
          "x": 239.99,
          "y": 295.98
        },
        "props": {
          "style": {
            "color": "#FFFF00"
          },
          "text": "OP"
        },
        "type": "ia.display.label"
      },
      {
        "meta": {
          "name": "LedDisplay"
        },
        "position": {
          "height": 20,
          "width": 80,
          "x": 264.97,
          "y": 221.98
        },
        "propConfig": {
          "props.value": {
            "binding": {
              "config": {
                "fallbackDelay": 2.5,
                "mode": "direct",
                "tagPath": ""
              },
              "type": "tag"
            }
          }
        },
        "props": {
          "diodeOnColor": "#FFFFFF"
        },
        "type": "ia.display.led-display"
      },
      {
        "meta": {
          "name": "LedDisplay_0"
        },
        "position": {
          "height": 20,
          "width": 80,
          "x": 264.96,
          "y": 261.98
        },
        "props": {
          "diodeOnColor": "#00FFFF"
        },
        "type": "ia.display.led-display"
      },
      {
        "meta": {
          "name": "LedDisplay_1"
        },
        "position": {
          "height": 20,
          "width": 80,
          "x": 264.937980178833,
          "y": 301.87016632080076
        },
        "propConfig": {
          "props.value": {
            "binding": {
              "config": {
                "bidirectional": true,
                "fallbackDelay": 2.5,
                "mode": "direct",
                "tagPath": "[default]KD"
              },
              "type": "tag"
            }
          }
        },
        "props": {
          "diodeOnColor": "#FFFF00"
        },
        "type": "ia.display.led-display"
      },
      {
        "meta": {
          "name": "mode"
        },
        "position": {
          "height": 26,
          "width": 14,
          "x": 333,
          "y": 181.99520874023438
        },
        "propConfig": {
          "props.style.color": {
            "binding": {
              "config": {
                "fallbackDelay": 2.5,
                "mode": "direct",
                "tagPath": "[default]MODE"
              },
              "transforms": [
                {
                  "expression": "if({value} \u003d true, \"#00FF00\", \"#FFFF00\")",
                  "type": "expression"
                }
              ],
              "type": "tag"
            }
          },
          "props.text": {
            "binding": {
              "config": {
                "fallbackDelay": 2.5,
                "mode": "direct",
                "tagPath": "[default]MODE"
              },
              "transforms": [
                {
                  "expression": "if({value} \u003d true, \"A\", \"M\")",
                  "type": "expression"
                }
              ],
              "type": "tag"
            }
          }
        },
        "type": "ia.display.label"
      },
      {
        "meta": {
          "name": "FlexContainer_1"
        },
        "position": {
          "height": 23,
          "width": 23,
          "x": 326.96800115966795,
          "y": 181.99520874023438
        },
        "props": {
          "style": {
            "borderStyle": "groove"
          }
        },
        "type": "ia.container.flex"
      },
      {
        "meta": {
          "name": "FlexContainer_2"
        },
        "position": {
          "height": 28,
          "width": 120,
          "x": 230,
          "y": 182
        },
        "props": {
          "style": {
            "borderStyle": "groove"
          }
        },
        "type": "ia.container.flex"
      }
    ],
    "custom": {
      "tagBase": "[default]TRCA1"
    },
    "meta": {
      "name": "root"
    },
    "type": "ia.container.coord"
  }
}