{
  "custom": {},
  "params": {},
  "props": {},
  "root": {
    "children": [
      {
        "meta": {
          "name": "FlexContainer"
        },
        "position": {
          "height": 143,
          "width": 157,
          "x": 425.5,
          "y": 294.5
        },
        "props": {
          "style": {
            "backgroundColor": "#808080",
            "borderStyle": "double"
          }
        },
        "type": "ia.container.flex"
      },
      {
        "meta": {
          "name": "Button"
        },
        "position": {
          "height": 46,
          "width": 115,
          "x": 445,
          "y": 320
        },
        "props": {
          "style": {
            "backgroundColor": "#00AC00"
          },
          "text": "ПУСК",
          "textStyle": {
            "color": "#FFFFFF"
          }
        },
        "type": "ia.input.button"
      },
      {
        "meta": {
          "name": "Button_0"
        },
        "position": {
          "height": 46,
          "width": 115,
          "x": 445.5,
          "y": 377
        },
        "props": {
          "style": {
            "backgroundColor": "#AC0000"
          },
          "text": "ОСТАНОВКА"
        },
        "type": "ia.input.button"
      },
      {
        "meta": {
          "name": "sp trca-1"
        },
        "position": {
          "height": 32,
          "width": 50,
          "x": 705,
          "y": 125
        },
        "props": {
          "style": {
            "color": "#FFFFFF"
          },
          "text": "SP"
        },
        "type": "ia.display.label"
      },
      {
        "meta": {
          "name": "pv trca-1"
        },
        "position": {
          "height": 32,
          "width": 50,
          "x": 705,
          "y": 155
        },
        "props": {
          "style": {
            "color": "#00FFFF"
          },
          "text": "PV"
        },
        "type": "ia.display.label"
      },
      {
        "meta": {
          "name": "op trca-1"
        },
        "position": {
          "height": 32,
          "width": 50,
          "x": 705,
          "y": 185
        },
        "props": {
          "style": {
            "color": "#FFFF00"
          },
          "text": "OP"
        },
        "type": "ia.display.label"
      },
      {
        "meta": {
          "name": "name trca-1"
        },
        "position": {
          "height": 32,
          "width": 90,
          "x": 706.96,
          "y": 99.76
        },
        "props": {
          "style": {
            "color": "#00FF00"
          },
          "text": "T 0C"
        },
        "type": "ia.display.label"
      },
      {
        "meta": {
          "name": "Label_10"
        },
        "position": {
          "height": 25,
          "width": 70,
          "x": 729,
          "y": 160
        },
        "propConfig": {
          "props.text": {
            "binding": {
              "config": {
                "fallbackDelay": 2.5,
                "mode": "direct",
                "tagPath": "[default]TRCA1/Sensor/PROCESS_VALUE"
              },
              "type": "tag"
            }
          }
        },
        "props": {
          "style": {
            "backgroundColor": "#000000"
          },
          "textStyle": {
            "color": "#00FFFF",
            "fontSize": 20,
            "textAlignLast": "right"
          }
        },
        "type": "ia.display.label"
      },
      {
        "meta": {
          "name": "Label_11"
        },
        "position": {
          "height": 25,
          "width": 67,
          "x": 739.33,
          "y": 160
        },
        "props": {
          "style": {
            "backgroundColor": "#000000"
          }
        },
        "type": "ia.display.label"
      },
      {
        "meta": {
          "name": "NumericEntryField op trca-1"
        },
        "position": {
          "height": 25,
          "width": 78,
          "x": 729,
          "y": 190
        },
        "propConfig": {
          "props.enabled": {
            "binding": {
              "config": {
                "fallbackDelay": 2.5,
                "mode": "direct",
                "tagPath": "[default]TRCA1/PID/MODE"
              },
              "transforms": [
                {
                  "expression": "if({value} \u003d true, false, true)",
                  "type": "expression"
                }
              ],
              "type": "tag"
            }
          },
          "props.value": {
            "binding": {
              "config": {
                "bidirectional": true,
                "fallbackDelay": 2.5,
                "mode": "direct",
                "tagPath": "[default]TRCA1/Valve/Command"
              },
              "type": "tag"
            }
          }
        },
        "props": {
          "inputBounds": {
            "maximum": 100,
            "minimum": 0
          },
          "style": {
            "backgroundColor": "#000000",
            "color": "#FFFF00",
            "fontSize": 20
          }
        },
        "type": "ia.input.numeric-entry-field"
      },
      {
        "meta": {
          "name": "NumericEntryField sp trca-1"
        },
        "position": {
          "height": 25,
          "width": 78,
          "x": 729,
          "y": 132.12
        },
        "propConfig": {
          "props.enabled": {
            "binding": {
              "config": {
                "fallbackDelay": 2.5,
                "mode": "direct",
                "tagPath": "[default]TRCA1/PID/MODE"
              },
              "transforms": [
                {
                  "expression": "if({value} \u003d true, \"true\", \"false\")",
                  "type": "expression"
                }
              ],
              "type": "tag"
            }
          },
          "props.value": {
            "binding": {
              "config": {
                "bidirectional": true,
                "fallbackDelay": 2.5,
                "mode": "direct",
                "tagPath": "[default]TRCA1/PID/SET_POINT"
              },
              "type": "tag"
            }
          }
        },
        "props": {
          "inputBounds": {
            "maximum": 80,
            "minimum": 0
          },
          "spinner": {
            "increment": 2
          },
          "style": {
            "backgroundColor": "#000000",
            "color": "#FFFFFF",
            "fontSize": 20
          }
        },
        "type": "ia.input.numeric-entry-field"
      },
      {
        "meta": {
          "name": "mode trca-1"
        },
        "position": {
          "height": 26,
          "width": 15,
          "x": 796,
          "y": 99
        },
        "propConfig": {
          "props.style.color": {
            "binding": {
              "config": {
                "fallbackDelay": 2.5,
                "mode": "direct",
                "tagPath": "[default]TRCA1/PID/MODE"
              },
              "transforms": [
                {
                  "expression": "if({value} \u003d true, \"#00FF00\", \"#FFFF00\")",
                  "type": "expression"
                }
              ],
              "type": "tag"
            }
          },
          "props.text": {
            "binding": {
              "config": {
                "fallbackDelay": 2.5,
                "mode": "direct",
                "tagPath": "[default]TRCA1/PID/MODE"
              },
              "transforms": [
                {
                  "expression": "if({value} \u003d true, \"A\", \"M\")",
                  "type": "expression"
                }
              ],
              "type": "tag"
            }
          }
        },
        "type": "ia.display.label"
      },
      {
        "meta": {
          "name": "FlexContainer trca-1"
        },
        "position": {
          "height": 145,
          "width": 120,
          "x": 695,
          "y": 99.89
        },
        "props": {
          "style": {
            "backgroundColor": "#8F8F8C",
            "borderStyle": "double"
          }
        },
        "type": "ia.container.flex"
      },
      {
        "meta": {
          "name": "FlexContainer mode trca-1"
        },
        "position": {
          "height": 23,
          "width": 23,
          "x": 792,
          "y": 100.27
        },
        "props": {
          "style": {
            "borderStyle": "double"
          }
        },
        "type": "ia.container.flex"
      },
      {
        "meta": {
          "name": "FlexContainer name trca-1"
        },
        "position": {
          "height": 28,
          "width": 120,
          "x": 694,
          "y": 99.65
        },
        "props": {
          "style": {
            "borderStyle": "double"
          }
        },
        "type": "ia.container.flex"
      },
      {
        "meta": {
          "name": "FlexContainer_0"
        },
        "position": {
          "height": 191,
          "width": 167,
          "x": 500,
          "y": 614
        },
        "props": {
          "style": {
            "backgroundColor": "#FFFFCC",
            "borderStyle": "solid"
          }
        },
        "type": "ia.container.flex"
      },
      {
        "meta": {
          "name": "Label_15"
        },
        "position": {
          "height": 32,
          "width": 53,
          "x": 546.49,
          "y": 772.99
        },
        "props": {
          "style": {
            "color": "#555555"
          },
          "text": "(0 - 10)"
        },
        "type": "ia.display.label"
      },
      {
        "meta": {
          "name": "NumericEntryField_4"
        },
        "position": {
          "height": 28.68,
          "rotate": {
            "anchor": "50% 25%"
          },
          "width": 50,
          "x": 546.49,
          "y": 735.5
        },
        "propConfig": {
          "props.enabled": {
            "binding": {
              "config": {
                "expression": "isAuthorized(false, \"Authenticated/Roles/Engineer\")"
              },
              "type": "expr"
            }
          },
          "props.value": {
            "binding": {
              "config": {
                "bidirectional": true,
                "fallbackDelay": 2.5,
                "mode": "direct",
                "tagPath": "[default]TRCA1/PID/KD"
              },
              "type": "tag"
            }
          }
        },
        "props": {
          "inputBounds": {
            "maximum": 10,
            "minimum": 0
          },
          "style": {
            "backgroundColor": "#FFFFFF"
          }
        },
        "type": "ia.input.numeric-entry-field"
      },
      {
        "meta": {
          "name": "NumericEntryField_3"
        },
        "position": {
          "height": 30.59,
          "width": 50,
          "x": 546.49,
          "y": 700.13
        },
        "propConfig": {
          "props.enabled": {
            "binding": {
              "config": {
                "expression": "isAuthorized(false, \"Authenticated/Roles/Engineer\")"
              },
              "type": "expr"
            }
          },
          "props.value": {
            "binding": {
              "config": {
                "bidirectional": true,
                "fallbackDelay": 2.5,
                "mode": "direct",
                "tagPath": "[default]TRCA1/PID/KI"
              },
              "type": "tag"
            }
          }
        },
        "props": {
          "inputBounds": {
            "maximum": 10,
            "minimum": 0
          },
          "style": {
            "backgroundColor": "#FFFFFF"
          }
        },
        "type": "ia.input.numeric-entry-field"
      },
      {
        "meta": {
          "name": "Label_13"
        },
        "position": {
          "height": 33.46,
          "width": 35,
          "x": 516.49,
          "y": 695.35
        },
        "props": {
          "style": {
            "color": "#000000"
          },
          "text": "ki"
        },
        "type": "ia.display.label"
      },
      {
        "meta": {
          "name": "Label_14"
        },
        "position": {
          "height": 33.46,
          "width": 35,
          "x": 516.49,
          "y": 728.81
        },
        "props": {
          "style": {
            "color": "#000000"
          },
          "text": "kd"
        },
        "type": "ia.display.label"
      },
      {
        "meta": {
          "name": "NumericEntryField_2"
        },
        "position": {
          "height": 30.59,
          "width": 50,
          "x": 546.49,
          "y": 663.81
        },
        "propConfig": {
          "props.spinner.enabled": {
            "binding": {
              "config": {
                "expression": "isAuthorized(false, \"Authenticated/Roles/Engineer\")"
              },
              "type": "expr"
            }
          },
          "props.value": {
            "binding": {
              "config": {
                "bidirectional": true,
                "fallbackDelay": 2.5,
                "mode": "direct",
                "tagPath": "[default]TRCA1/PID/KP"
              },
              "type": "tag"
            }
          }
        },
        "props": {
          "inputBounds": {
            "maximum": 10,
            "minimum": 0
          },
          "spinner": {},
          "style": {
            "backgroundColor": "#FFFFFF"
          }
        },
        "type": "ia.input.numeric-entry-field"
      },
      {
        "meta": {
          "name": "Label_12"
        },
        "position": {
          "height": 33.45,
          "width": 35,
          "x": 516.49,
          "y": 661.9
        },
        "props": {
          "style": {
            "color": "#000000"
          },
          "text": "kp"
        },
        "type": "ia.display.label"
      },
      {
        "meta": {
          "name": "Label"
        },
        "position": {
          "height": 30.59,
          "width": 226,
          "x": 506.32,
          "y": 621.75
        },
        "props": {
          "style": {
            "color": "#000000"
          },
          "text": "Коэффициенты ПИД\nрегулятора TRC-1"
        },
        "type": "ia.display.label"
      }
    ],
    "meta": {
      "name": "root"
    },
    "type": "ia.container.coord"
  }
}