{
  "custom": {
    "constParam": "T",
    "substanceId": 1
  },
  "params": {
    "runId": "0 "
  },
  "permissions": {
    "securityLevels": [
      {
        "children": [
          {
            "children": [
              {
                "children": [],
                "name": "Engineer"
              },
              {
                "children": [],
                "name": "Operator"
              }
            ],
            "name": "Roles"
          }
        ],
        "name": "Authenticated"
      }
    ],
    "type": "AnyOf"
  },
  "propConfig": {
    "custom.constParam": {
      "binding": {
        "config": {
          "bidirectional": true,
          "fallbackDelay": 2.5,
          "mode": "direct",
          "tagPath": "[default]Exp/CONST_PARAM"
        },
        "type": "tag"
      },
      "persistent": true
    },
    "custom.substanceId": {
      "persistent": true
    },
    "params.runId": {
      "paramDirection": "input",
      "persistent": true
    }
  },
  "props": {
    "defaultSize": {
      "height": 850,
      "width": 1350
    }
  },
  "root": {
    "children": [
      {
        "meta": {
          "name": "Image_13"
        },
        "position": {
          "height": 85,
          "rotate": {
            "anchor": "25% 75%",
            "angle": "90deg"
          },
          "width": 144,
          "x": 729.2774398986817,
          "y": 339.21145134277344
        },
        "props": {
          "fit": {
            "mode": "fill"
          },
          "source": "/system/images/mi/line.svg"
        },
        "type": "ia.display.image"
      },
      {
        "meta": {
          "name": "FlexContainer T"
        },
        "position": {
          "height": 78,
          "width": 103,
          "x": 728.3955291748047,
          "y": 360.99
        },
        "props": {
          "style": {
            "backgroundColor": "#808080",
            "borderStyle": "double"
          }
        },
        "type": "ia.container.flex"
      },
      {
        "meta": {
          "name": "FlexContainer hc-3"
        },
        "position": {
          "height": 77,
          "width": 120,
          "x": 696.8153442382812,
          "y": 178.89
        },
        "props": {
          "style": {
            "backgroundColor": "#8F8F8C",
            "borderStyle": "double"
          }
        },
        "type": "ia.container.flex"
      },
      {
        "meta": {
          "name": "Label name hc-3"
        },
        "position": {
          "height": 32,
          "rotate": {
            "anchor": "50% 37%"
          },
          "width": 50,
          "x": 706.7353442382812,
          "y": 176.9
        },
        "props": {
          "style": {
            "color": "#00FF00"
          },
          "text": "HC-3"
        },
        "type": "ia.display.label"
      },
      {
        "meta": {
          "name": "Label op hc-3"
        },
        "position": {
          "height": 32,
          "width": 50,
          "x": 706.8053442382812,
          "y": 210.86
        },
        "props": {
          "style": {
            "color": "#FFFF00"
          },
          "text": "OP"
        },
        "type": "ia.display.label"
      },
      {
        "meta": {
          "name": "FlexContainer name hc-3\n"
        },
        "position": {
          "height": 28,
          "rotate": {
            "anchor": "50% 25%"
          },
          "width": 120,
          "x": 696.8153442382812,
          "y": 178.89
        },
        "props": {
          "style": {
            "borderStyle": "double"
          }
        },
        "type": "ia.container.flex"
      },
      {
        "meta": {
          "name": "NumericEntryField op hc-3"
        },
        "position": {
          "height": 25,
          "width": 70,
          "x": 738.3153442382812,
          "y": 215.89
        },
        "propConfig": {
          "props.value": {
            "binding": {
              "config": {
                "bidirectional": true,
                "fallbackDelay": 2.5,
                "mode": "direct",
                "tagPath": "[default]Valves/HC-3/MANUAL_OUTPUT"
              },
              "type": "tag"
            }
          }
        },
        "props": {
          "format": "0,0",
          "inputBounds": {
            "maximum": 100,
            "minimum": 0
          },
          "spinner": {
            "increment": 2
          },
          "style": {
            "backgroundColor": "#000000",
            "color": "#FFFF00",
            "fontSize": 20
          }
        },
        "type": "ia.input.numeric-entry-field"
      },
      {
        "meta": {
          "name": "FlexContainer experiment"
        },
        "position": {
          "height": 192,
          "width": 202,
          "x": 488.82,
          "y": 615
        },
        "props": {
          "style": {
            "backgroundColor": "#FFFFCC",
            "borderStyle": "solid"
          }
        },
        "type": "ia.container.flex"
      },
      {
        "meta": {
          "name": "FlexContainer type substance"
        },
        "position": {
          "height": 192,
          "width": 446,
          "x": 35,
          "y": 615
        },
        "props": {
          "style": {
            "backgroundColor": "#FFFFCC",
            "borderStyle": "solid"
          }
        },
        "type": "ia.container.flex"
      },
      {
        "meta": {
          "name": "FlexContainer name CB"
        },
        "position": {
          "height": 27,
          "width": 144,
          "x": 1129,
          "y": 710
        },
        "props": {
          "style": {
            "backgroundColor": "#808080",
            "borderStyle": "double"
          }
        },
        "type": "ia.container.flex"
      },
      {
        "meta": {
          "name": "FlexContainer CB"
        },
        "position": {
          "height": 82,
          "width": 144,
          "x": 1129,
          "y": 708
        },
        "props": {
          "style": {
            "backgroundColor": "#808080",
            "borderStyle": "double"
          }
        },
        "type": "ia.container.flex"
      },
      {
        "meta": {
          "name": "name CB"
        },
        "position": {
          "height": 23.63,
          "rotate": {
            "anchor": "36% 0%"
          },
          "width": 129,
          "x": 1134.95,
          "y": 708
        },
        "props": {
          "text": "CB моль/л",
          "textStyle": {
            "color": "#00FF00",
            "fontSize": 20,
            "textAlignLast": "center"
          }
        },
        "type": "ia.display.label"
      },
      {
        "meta": {
          "name": "connection Q"
        },
        "position": {
          "height": 64,
          "rotate": {
            "angle": 270
          },
          "width": 135,
          "x": 888.0700134765624,
          "y": 471.04851923828124
        },
        "props": {
          "fit": {
            "mode": "fill"
          },
          "source": "/system/images/mi/line.svg"
        },
        "type": "ia.display.image"
      },
      {
        "meta": {
          "name": "connection CA"
        },
        "position": {
          "height": 64,
          "rotate": {
            "angle": 270
          },
          "width": 125,
          "x": 278.17,
          "y": 470.34
        },
        "props": {
          "fit": {
            "mode": "fill"
          },
          "source": "/system/images/mi/line.svg"
        },
        "type": "ia.display.image"
      },
      {
        "meta": {
          "name": "FlexContainer Q"
        },
        "position": {
          "height": 78,
          "width": 103,
          "x": 798.15,
          "y": 514.99
        },
        "props": {
          "style": {
            "backgroundColor": "#808080",
            "borderStyle": "double"
          }
        },
        "type": "ia.container.flex"
      },
      {
        "meta": {
          "name": "tank 1-F"
        },
        "position": {
          "height": 308,
          "width": 297,
          "x": 924,
          "y": 431.48
        },
        "propConfig": {
          "props.value.value": {
            "binding": {
              "config": {
                "fallbackDelay": 2.5,
                "mode": "direct",
                "tagPath": "[default]Sensors/FRA-1/PROCESS_VALUE"
              },
              "type": "tag"
            }
          }
        },
        "props": {
          "appearance": "simple",
          "label": {
            "style": {
              "color": "#0000FF",
              "fontSize": 30
            },
            "text": "1-F"
          },
          "liquidColor": "#00FFFF",
          "liquidWarningColor": "#00FFFF",
          "state": "running",
          "value": {
            "capacity": 160
          }
        },
        "type": "ia.symbol.vessel"
      },
      {
        "meta": {
          "name": "FlexContainer name Q"
        },
        "position": {
          "height": 25.68,
          "width": 103,
          "x": 798.15,
          "y": 514.99
        },
        "props": {
          "style": {
            "backgroundColor": "#808080",
            "borderStyle": "double"
          }
        },
        "type": "ia.container.flex"
      },
      {
        "meta": {
          "name": "name Q"
        },
        "position": {
          "height": 22.83,
          "rotate": {
            "anchor": "36% 0%"
          },
          "width": 91,
          "x": 804.1600000000001,
          "y": 514.99
        },
        "props": {
          "text": "Q л/мин",
          "textStyle": {
            "color": "#00FF00",
            "fontSize": 20,
            "textAlignLast": "center"
          }
        },
        "type": "ia.display.label"
      },
      {
        "meta": {
          "name": "FlexContainer CA"
        },
        "position": {
          "height": 78,
          "width": 148,
          "x": 285.1503105163574,
          "y": 514.99
        },
        "props": {
          "style": {
            "backgroundColor": "#808080",
            "borderStyle": "double"
          }
        },
        "type": "ia.container.flex"
      },
      {
        "meta": {
          "name": "FlexContainer name CA"
        },
        "position": {
          "height": 25.68,
          "width": 145,
          "x": 285.1503105163574,
          "y": 514.99
        },
        "props": {
          "style": {
            "backgroundColor": "#808080",
            "borderStyle": "double"
          }
        },
        "type": "ia.container.flex"
      },
      {
        "meta": {
          "name": "name CA"
        },
        "position": {
          "height": 22.83,
          "rotate": {
            "anchor": "36% 0%"
          },
          "width": 129,
          "x": 291.16,
          "y": 514.99
        },
        "props": {
          "text": "CA моль/л",
          "textStyle": {
            "color": "#00FF00",
            "fontSize": 20,
            "textAlignLast": "center"
          }
        },
        "type": "ia.display.label"
      },
      {
        "meta": {
          "name": "connection HC-3"
        },
        "position": {
          "height": 85,
          "rotate": {
            "angle": 270
          },
          "width": 151,
          "x": 677.93,
          "y": 237.82
        },
        "props": {
          "fit": {
            "mode": "fill"
          },
          "source": "/system/images/mi/line.svg"
        },
        "type": "ia.display.image"
      },
      {
        "meta": {
          "name": "Label_8"
        },
        "position": {
          "height": 139,
          "rotate": {
            "angle": "180deg"
          },
          "width": 111,
          "x": 900,
          "y": 413
        },
        "props": {
          "style": {
            "color": "#8AFFFF",
            "fontSize": 118
          },
          "text": "←"
        },
        "type": "ia.display.label"
      },
      {
        "meta": {
          "name": "FlexContainer ON/OFF MIXER"
        },
        "position": {
          "height": 147,
          "width": 123,
          "x": 1157.23,
          "y": 437.4617137451172
        },
        "props": {
          "style": {
            "backgroundColor": "#808080",
            "borderStyle": "double"
          }
        },
        "type": "ia.container.flex"
      },
      {
        "meta": {
          "name": "Button on mixer 1-f"
        },
        "position": {
          "height": 42.26,
          "width": 104.78,
          "x": 1165.8899999999999,
          "y": 476.9717137451172
        },
        "props": {
          "style": {
            "backgroundColor": "#00AC00"
          },
          "text": "ПУСК",
          "textStyle": {
            "color": "#FFFFFF"
          }
        },
        "type": "ia.input.button"
      },
      {
        "meta": {
          "name": "Button off mixer 1-f"
        },
        "position": {
          "height": 42.26,
          "width": 104.78,
          "x": 1166.35,
          "y": 529.3417137451172
        },
        "props": {
          "style": {
            "backgroundColor": "#AC0000"
          },
          "text": "ОСТАНОВ"
        },
        "type": "ia.input.button"
      },
      {
        "meta": {
          "name": "Label_2"
        },
        "position": {
          "height": 139,
          "rotate": {
            "angle": "270deg"
          },
          "width": 118,
          "x": 141.5,
          "y": 343
        },
        "props": {
          "style": {
            "color": "#8AFFFF",
            "fontSize": 118
          },
          "text": "←"
        },
        "type": "ia.display.label"
      },
      {
        "meta": {
          "name": "Label_1"
        },
        "position": {
          "height": 139,
          "rotate": {
            "angle": "270deg"
          },
          "width": 118,
          "x": 551,
          "y": 302
        },
        "props": {
          "style": {
            "color": "#FF8A8A",
            "fontSize": 118
          },
          "text": "←"
        },
        "type": "ia.display.label"
      },
      {
        "meta": {
          "name": "Label_0"
        },
        "position": {
          "height": 139,
          "rotate": {
            "angle": "90deg"
          },
          "width": 118,
          "x": 407,
          "y": 202
        },
        "props": {
          "style": {
            "borderStyle": null,
            "color": "#FF8A8A",
            "fontSize": 118
          },
          "text": "←"
        },
        "type": "ia.display.label"
      },
      {
        "meta": {
          "name": "connection HC-2"
        },
        "position": {
          "height": 85,
          "rotate": {
            "angle": "90deg"
          },
          "width": 273,
          "x": 755.977,
          "y": 275.692
        },
        "props": {
          "fit": {
            "mode": "fill"
          },
          "source": "/system/images/mi/line.svg"
        },
        "type": "ia.display.image"
      },
      {
        "meta": {
          "name": "FlexContainer hc-2"
        },
        "position": {
          "height": 77,
          "width": 120,
          "x": 835.99,
          "y": 211
        },
        "props": {
          "style": {
            "backgroundColor": "#8F8F8C",
            "borderStyle": "double"
          }
        },
        "type": "ia.container.flex"
      },
      {
        "meta": {
          "name": "op hc-2"
        },
        "position": {
          "height": 32,
          "width": 50,
          "x": 845.98,
          "y": 242.97
        },
        "props": {
          "style": {
            "color": "#FFFF00"
          },
          "text": "OP"
        },
        "type": "ia.display.label"
      },
      {
        "meta": {
          "name": "name hc-2"
        },
        "position": {
          "height": 32,
          "width": 50,
          "x": 845,
          "y": 210.971
        },
        "props": {
          "style": {
            "color": "#00FF00"
          },
          "text": "HC-2"
        },
        "type": "ia.display.label"
      },
      {
        "meta": {
          "name": "FlexContainer name hc-2"
        },
        "position": {
          "height": 31,
          "width": 120,
          "x": 835.99,
          "y": 212
        },
        "props": {
          "style": {
            "borderStyle": "double"
          }
        },
        "type": "ia.container.flex"
      },
      {
        "meta": {
          "name": "connection_90 hc-1"
        },
        "position": {
          "height": 64,
          "rotate": {
            "angle": 270
          },
          "width": 213,
          "x": 221.47,
          "y": 306.47
        },
        "props": {
          "fit": {
            "mode": "fill"
          },
          "source": "/system/images/mi/line.svg"
        },
        "type": "ia.display.image"
      },
      {
        "meta": {
          "name": "FlexContainer hc-1"
        },
        "position": {
          "height": 77,
          "width": 120,
          "x": 268.15025762939456,
          "y": 211
        },
        "props": {
          "style": {
            "backgroundColor": "#8F8F8C",
            "borderStyle": "double"
          }
        },
        "type": "ia.container.flex"
      },
      {
        "meta": {
          "name": "Label op hc-1"
        },
        "position": {
          "height": 32,
          "width": 50,
          "x": 278.1402576293945,
          "y": 242.8648282470703
        },
        "props": {
          "style": {
            "color": "#FFFF00"
          },
          "text": "OP"
        },
        "type": "ia.display.label"
      },
      {
        "meta": {
          "name": "Label name hc-1"
        },
        "position": {
          "height": 32,
          "rotate": {
            "anchor": "50% 37%"
          },
          "width": 50,
          "x": 278.06725762939453,
          "y": 208.8958282470703
        },
        "props": {
          "style": {
            "color": "#00FF00"
          },
          "text": "HC-1"
        },
        "type": "ia.display.label"
      },
      {
        "meta": {
          "name": "FlexContainer name hc-1"
        },
        "position": {
          "height": 28,
          "rotate": {
            "anchor": "50% 25%"
          },
          "width": 120,
          "x": 268.15025762939456,
          "y": 210.8948282470703
        },
        "props": {
          "style": {
            "borderStyle": "double"
          }
        },
        "type": "ia.container.flex"
      },
      {
        "meta": {
          "name": "101C"
        },
        "position": {
          "height": 223,
          "rotate": {
            "anchor": "-34% 50%"
          },
          "width": 270,
          "x": 411,
          "y": 357.5
        },
        "props": {
          "fit": {
            "mode": "fill"
          },
          "source": "/system/images/mi/Circulation heater.svg"
        },
        "type": "ia.display.image"
      },
      {
        "meta": {
          "name": "valve hc-1"
        },
        "position": {
          "height": 100,
          "rotate": {
            "angle": "90deg"
          },
          "width": 100,
          "x": 202,
          "y": 343.5
        },
        "props": {
          "fit": {
            "mode": "fill"
          },
          "source": "/system/images/mi/Control value.svg"
        },
        "type": "ia.display.image"
      },
      {
        "meta": {
          "name": "valve hc-3"
        },
        "position": {
          "height": 100,
          "rotate": {
            "anchor": "117% 50%",
            "angle": "90deg"
          },
          "width": 100,
          "x": 547,
          "y": 374.484
        },
        "props": {
          "fit": {
            "mode": "fill"
          },
          "source": "/system/images/mi/Control value.svg"
        },
        "type": "ia.display.image"
      },
      {
        "meta": {
          "name": "valve hc-2"
        },
        "position": {
          "height": 100,
          "width": 100,
          "x": 842,
          "y": 378.966
        },
        "props": {
          "fit": {
            "mode": "fill"
          },
          "source": "/system/images/mi/Control value.svg"
        },
        "type": "ia.display.image"
      },
      {
        "meta": {
          "name": "connection hc-1"
        },
        "position": {
          "height": 52,
          "rotate": {
            "angle": "270deg"
          },
          "width": 52,
          "x": 289,
          "y": 358.5
        },
        "props": {
          "fit": {
            "mode": "fill"
          },
          "source": "/system/images/mi/line90grad.svg"
        },
        "type": "ia.display.image"
      },
      {
        "meta": {
          "name": "connection_1 HC-3"
        },
        "position": {
          "height": 52,
          "rotate": {
            "angle": "270deg"
          },
          "width": 52,
          "x": 727,
          "y": 305.503
        },
        "props": {
          "fit": {
            "mode": "fill"
          },
          "source": "/system/images/mi/line.svg"
        },
        "type": "ia.display.image"
      },
      {
        "meta": {
          "name": "Image_2"
        },
        "position": {
          "height": 78,
          "rotate": {
            "anchor": "210% 50%",
            "angle": "270deg"
          },
          "width": 60,
          "x": 608.42,
          "y": 201.92
        },
        "props": {
          "fit": {
            "mode": "fill"
          },
          "source": "/system/images/mi/line90grad.svg"
        },
        "type": "ia.display.image"
      },
      {
        "meta": {
          "name": "NumericEntryField op hc-1"
        },
        "position": {
          "height": 25,
          "width": 70,
          "x": 309.64625762939454,
          "y": 247.88582824707032
        },
        "propConfig": {
          "props.value": {
            "binding": {
              "config": {
                "bidirectional": true,
                "fallbackDelay": 2.5,
                "mode": "direct",
                "tagPath": "[default]Valves/HC-1/MANUAL_OUTPUT"
              },
              "type": "tag"
            }
          }
        },
        "props": {
          "format": "0,0",
          "inputBounds": {
            "maximum": 100,
            "minimum": 0
          },
          "spinner": {
            "increment": 2
          },
          "style": {
            "backgroundColor": "#000000",
            "color": "#FFFF00",
            "fontSize": 20
          }
        },
        "type": "ia.input.numeric-entry-field"
      },
      {
        "meta": {
          "name": "NumericEntryField op hc-2"
        },
        "position": {
          "height": 25,
          "width": 67,
          "x": 872.96,
          "y": 246.42
        },
        "propConfig": {
          "props.value": {
            "binding": {
              "config": {
                "bidirectional": true,
                "fallbackDelay": 2.5,
                "mode": "direct",
                "tagPath": "[default]Valves/HC-2/MANUAL_OUTPUT"
              },
              "type": "tag"
            }
          }
        },
        "props": {
          "inputBounds": {
            "maximum": 100,
            "minimum": 0
          },
          "spinner": {
            "increment": 2
          },
          "style": {
            "backgroundColor": "#000000",
            "color": "#FFFF00",
            "fontSize": 20
          }
        },
        "type": "ia.input.numeric-entry-field"
      },
      {
        "meta": {
          "name": "Label name 101-c"
        },
        "position": {
          "height": 32,
          "width": 76,
          "x": 520,
          "y": 452
        },
        "props": {
          "style": {
            "color": "#0000FF",
            "fontSize": 25
          },
          "text": "101-C"
        },
        "type": "ia.display.label"
      },
      {
        "meta": {
          "name": "Label_3"
        },
        "position": {
          "height": 139,
          "rotate": {
            "angle": "180deg"
          },
          "width": 119,
          "x": 300.06,
          "y": 413
        },
        "props": {
          "style": {
            "color": "#8AFFFF",
            "fontSize": 118
          },
          "text": "←"
        },
        "type": "ia.display.label"
      },
      {
        "meta": {
          "name": "Label_4"
        },
        "position": {
          "height": 139,
          "rotate": {
            "angle": "270deg"
          },
          "width": 59,
          "x": 171.487,
          "y": 150.498
        },
        "props": {
          "style": {
            "color": "#8AFFFF",
            "fontSize": 118
          },
          "text": "←"
        },
        "type": "ia.display.label"
      },
      {
        "meta": {
          "name": "Button Из 102-F"
        },
        "position": {
          "height": 56,
          "width": 80,
          "x": 171.99,
          "y": 159.5
        },
        "props": {
          "image": {
            "icon": {
              "color": "#CCFFFF"
            }
          },
          "style": {
            "backgroundColor": "#FFFF00"
          },
          "text": "Из 2-F",
          "textStyle": {
            "color": "#000000"
          }
        },
        "type": "ia.input.button"
      },
      {
        "meta": {
          "name": "Button Из 102-C"
        },
        "position": {
          "height": 56,
          "width": 80,
          "x": 412.82,
          "y": 167
        },
        "props": {
          "image": {
            "icon": {
              "color": "#CCFFFF"
            }
          },
          "style": {
            "backgroundColor": "#FFFF00"
          },
          "text": "Из 102-С",
          "textStyle": {
            "color": "#000000"
          }
        },
        "type": "ia.input.button"
      },
      {
        "meta": {
          "name": "Button_1"
        },
        "position": {
          "height": 56,
          "width": 80,
          "x": 171.99,
          "y": 159.5
        },
        "props": {
          "image": {
            "icon": {
              "color": "#CCFFFF"
            }
          },
          "style": {
            "backgroundColor": "#FFFF00"
          },
          "text": "Из 102-F",
          "textStyle": {
            "color": "#000000"
          }
        },
        "type": "ia.input.button"
      },
      {
        "meta": {
          "name": "Button_2"
        },
        "position": {
          "height": 56,
          "width": 80,
          "x": 582,
          "y": 167
        },
        "props": {
          "image": {
            "icon": {
              "color": "#CCFFFF"
            }
          },
          "style": {
            "backgroundColor": "#FFFF00"
          },
          "text": "Из 101-F",
          "textStyle": {
            "color": "#000000"
          }
        },
        "type": "ia.input.button"
      },
      {
        "meta": {
          "name": "Button_4"
        },
        "position": {
          "height": 56,
          "width": 80,
          "x": 1225.23,
          "y": 597
        },
        "props": {
          "image": {
            "icon": {
              "color": "#CCFFFF"
            }
          },
          "style": {
            "backgroundColor": "#FFFF00"
          },
          "text": "В 101-B",
          "textStyle": {
            "color": "#000000"
          }
        },
        "type": "ia.input.button"
      },
      {
        "meta": {
          "name": "Label_5"
        },
        "position": {
          "height": 139,
          "rotate": {
            "angle": "180deg"
          },
          "width": 119,
          "x": 1113.06,
          "y": 568.222
        },
        "props": {
          "style": {
            "color": "#8AFFFF",
            "fontSize": 118
          },
          "text": "←"
        },
        "type": "ia.display.label"
      },
      {
        "meta": {
          "name": "Label_6"
        },
        "position": {
          "height": 139,
          "rotate": {
            "angle": "180deg"
          },
          "width": 123,
          "x": 93.11,
          "y": 411.5
        },
        "props": {
          "style": {
            "color": "#8AFFFF",
            "fontSize": 118
          },
          "text": "←"
        },
        "type": "ia.display.label"
      },
      {
        "meta": {
          "name": "Button_3"
        },
        "position": {
          "height": 49,
          "width": 68,
          "x": 60,
          "y": 446
        },
        "props": {
          "image": {
            "icon": {
              "color": "#CCFFFF"
            }
          },
          "style": {
            "backgroundColor": "#FFFF00"
          },
          "text": "Из 105-L",
          "textStyle": {
            "color": "#000000"
          }
        },
        "type": "ia.input.button"
      },
      {
        "meta": {
          "name": "Label_7"
        },
        "position": {
          "height": 30,
          "width": 149,
          "x": 1172,
          "y": 439.41931298828126
        },
        "props": {
          "style": {
            "color": "#FFFF00"
          },
          "text": "Мешалка 1-F",
          "textStyle": {
            "fontSize": 15
          }
        },
        "type": "ia.display.label"
      },
      {
        "meta": {
          "name": "Label_9"
        },
        "position": {
          "height": 139,
          "rotate": {
            "angle": "180deg"
          },
          "width": 111,
          "x": 700,
          "y": 413
        },
        "props": {
          "style": {
            "color": "#8AFFFF",
            "fontSize": 118
          },
          "text": "←"
        },
        "type": "ia.display.label"
      },
      {
        "meta": {
          "name": "Image_1"
        },
        "position": {
          "height": 52,
          "rotate": {
            "angle": "270deg"
          },
          "width": 52,
          "x": 916.5,
          "y": 529
        },
        "props": {
          "fit": {
            "mode": "fill"
          },
          "source": "/system/images/mi/line90grad.svg"
        },
        "type": "ia.display.image"
      },
      {
        "meta": {
          "name": "Image_11"
        },
        "position": {
          "height": 85,
          "rotate": {
            "angle": 0
          },
          "width": 63,
          "x": 882,
          "y": 522.9
        },
        "props": {
          "fit": {
            "mode": "fill"
          },
          "source": "/system/images/mi/line.svg"
        },
        "type": "ia.display.image"
      },
      {
        "meta": {
          "name": "FlexContainer_9"
        },
        "position": {
          "height": 200,
          "width": 200,
          "x": 975.2,
          "y": 211.873
        },
        "type": "ia.container.flex"
      },
      {
        "meta": {
          "name": "FlexContainer volume reactor 1-f"
        },
        "position": {
          "height": 136,
          "width": 200,
          "x": 975.2,
          "y": 295.47759033203124
        },
        "props": {
          "style": {
            "backgroundColor": "#808080"
          }
        },
        "type": "ia.container.flex"
      },
      {
        "meta": {
          "name": "LedDisplay volume reactor 1-f"
        },
        "position": {
          "height": 32,
          "width": 127,
          "x": 999.2,
          "y": 333.91
        },
        "propConfig": {
          "props.value": {
            "binding": {
              "config": {
                "fallbackDelay": 2.5,
                "mode": "direct",
                "tagPath": "[default]Reactors/1-F/REACTOR_VOLUME"
              },
              "type": "tag"
            }
          }
        },
        "type": "ia.display.led-display"
      },
      {
        "meta": {
          "name": "Label volume reactor 1-f"
        },
        "position": {
          "height": 22.83,
          "rotate": {
            "anchor": "36% 0%"
          },
          "width": 183,
          "x": 992.1600000000001,
          "y": 298.2
        },
        "props": {
          "text": "Объем реактора Л:",
          "textStyle": {
            "color": "#00FF00",
            "fontSize": 20,
            "textAlignLast": "center"
          }
        },
        "type": "ia.display.label"
      },
      {
        "meta": {
          "name": "Slider volume reactor 1-f"
        },
        "position": {
          "height": 32,
          "width": 152,
          "x": 997.2,
          "y": 366.21
        },
        "propConfig": {
          "props.value": {
            "binding": {
              "config": {
                "bidirectional": true,
                "fallbackDelay": 2.5,
                "mode": "direct",
                "tagPath": "[default]Reactors/1-F/REACTOR_VOLUME"
              },
              "type": "tag"
            }
          }
        },
        "props": {
          "max": 1600
        },
        "type": "ia.input.slider"
      },
      {
        "meta": {
          "name": "Label min volume reactor 1-f"
        },
        "position": {
          "height": 22.83,
          "rotate": {
            "anchor": "36% 0%"
          },
          "width": 51,
          "x": 981.1600000000001,
          "y": 395.03459033203126
        },
        "props": {
          "text": 0,
          "textStyle": {
            "color": "#00FF00",
            "fontSize": 20,
            "textAlignLast": "center"
          }
        },
        "type": "ia.display.label"
      },
      {
        "meta": {
          "name": "Label max volume reactor 1-f"
        },
        "position": {
          "height": 22.83,
          "rotate": {
            "anchor": "36% 0%"
          },
          "width": 51,
          "x": 1119.16,
          "y": 394.99159033203125
        },
        "props": {
          "text": 1600,
          "textStyle": {
            "color": "#00FF00",
            "fontSize": 20,
            "textAlignLast": "center"
          }
        },
        "type": "ia.display.label"
      },
      {
        "meta": {
          "name": "Label units reactor 1-f"
        },
        "position": {
          "height": 36,
          "rotate": {
            "anchor": "36% 0%"
          },
          "width": 58,
          "x": 1118.16,
          "y": 329.48759033203123
        },
        "props": {
          "text": "л",
          "textStyle": {
            "color": "#00FF6E8A",
            "fontSize": 35,
            "textAlignLast": "center"
          }
        },
        "type": "ia.display.label"
      },
      {
        "meta": {
          "name": "NumericEntryField CB"
        },
        "position": {
          "height": 32,
          "rotate": {
            "anchor": "25% 50%"
          },
          "width": 68,
          "x": 1142,
          "y": 738.33
        },
        "propConfig": {
          "props.value": {
            "binding": {
              "config": {
                "fallbackDelay": 2.5,
                "mode": "direct",
                "tagPath": "[default]Sensors/CRA-2/PROCESS_VALUE"
              },
              "type": "tag"
            }
          }
        },
        "props": {
          "align": "left",
          "enabled": false,
          "spinner": {
            "enabled": false
          },
          "style": {
            "backgroundColor": "#FFFFFF00",
            "color": "#00FFFF",
            "fontSize": 20
          }
        },
        "type": "ia.input.numeric-entry-field"
      },
      {
        "meta": {
          "name": "Image connection CB"
        },
        "position": {
          "height": 85,
          "rotate": {
            "angle": 270
          },
          "width": 155,
          "x": 1098.5,
          "y": 625.11
        },
        "props": {
          "fit": {
            "mode": "fill"
          },
          "source": "/system/images/mi/line.svg"
        },
        "type": "ia.display.image"
      },
      {
        "meta": {
          "name": "NumericEntryField Q"
        },
        "position": {
          "height": 32,
          "rotate": {
            "anchor": "25% 50%"
          },
          "width": 68,
          "x": 811.3122728881835,
          "y": 549.33
        },
        "propConfig": {
          "props.value": {
            "binding": {
              "config": {
                "fallbackDelay": 2.5,
                "mode": "direct",
                "tagPath": "[default]Sensors/FRA-1/PROCESS_VALUE"
              },
              "type": "tag"
            }
          }
        },
        "props": {
          "align": "left",
          "enabled": false,
          "spinner": {
            "enabled": false
          },
          "style": {
            "backgroundColor": "#FFFFFF00",
            "color": "#00FFFF",
            "fontSize": 20
          }
        },
        "type": "ia.input.numeric-entry-field"
      },
      {
        "meta": {
          "name": "NumericEntryField CA"
        },
        "position": {
          "height": 32,
          "rotate": {
            "anchor": "25% 50%"
          },
          "width": 84,
          "x": 292.5,
          "y": 549.33
        },
        "propConfig": {
          "props.value": {
            "binding": {
              "config": {
                "fallbackDelay": 2.5,
                "mode": "direct",
                "tagPath": "[default]Sensors/CRA-1/PROCESS_VALUE"
              },
              "type": "tag"
            }
          }
        },
        "props": {
          "align": "left",
          "enabled": false,
          "spinner": {
            "enabled": false
          },
          "style": {
            "backgroundColor": "#FFFFFF00",
            "color": "#00FFFF",
            "fontSize": 20
          }
        },
        "type": "ia.input.numeric-entry-field"
      },
      {
        "meta": {
          "name": "Label k01"
        },
        "position": {
          "height": 32,
          "rotate": {
            "anchor": "50% 37%"
          },
          "width": 50,
          "x": 243,
          "y": 652.51953125
        },
        "props": {
          "style": {
            "color": "#000000"
          },
          "text": "k01"
        },
        "type": "ia.display.label"
      },
      {
        "meta": {
          "name": "Label k02"
        },
        "position": {
          "height": 32,
          "rotate": {
            "anchor": "50% 37%"
          },
          "width": 50,
          "x": 243,
          "y": 682.51953125
        },
        "props": {
          "style": {
            "color": "#000000"
          },
          "text": "k02"
        },
        "type": "ia.display.label"
      },
      {
        "meta": {
          "name": "Label ea1"
        },
        "position": {
          "height": 32,
          "rotate": {
            "anchor": "50% 37%"
          },
          "width": 50,
          "x": 243,
          "y": 712.51953125
        },
        "props": {
          "style": {
            "color": "#000000"
          },
          "text": "EA1"
        },
        "type": "ia.display.label"
      },
      {
        "meta": {
          "name": "Label ea2"
        },
        "position": {
          "height": 32,
          "rotate": {
            "anchor": "50% 37%"
          },
          "width": 50,
          "x": 243,
          "y": 742.51953125
        },
        "props": {
          "style": {
            "color": "#000000"
          },
          "text": "EA2"
        },
        "type": "ia.display.label"
      },
      {
        "meta": {
          "name": "Label units k01"
        },
        "position": {
          "height": 32,
          "rotate": {
            "anchor": "50% 37%"
          },
          "width": 50,
          "x": 393,
          "y": 652.51953125
        },
        "props": {
          "style": {
            "color": "#000000"
          },
          "text": "1/c"
        },
        "type": "ia.display.label"
      },
      {
        "meta": {
          "name": "Label units ea2"
        },
        "position": {
          "height": 32,
          "rotate": {
            "anchor": "50% 75%"
          },
          "width": 70,
          "x": 395.2918435058594,
          "y": 741.52
        },
        "props": {
          "style": {
            "color": "#000000"
          },
          "text": "Дж/моль"
        },
        "type": "ia.display.label"
      },
      {
        "meta": {
          "name": "Label units k02"
        },
        "position": {
          "height": 32,
          "rotate": {
            "anchor": "50% 37%"
          },
          "width": 50,
          "x": 395.15625,
          "y": 681.52
        },
        "props": {
          "style": {
            "color": "#000000"
          },
          "text": "1/c"
        },
        "type": "ia.display.label"
      },
      {
        "meta": {
          "name": "Label units ea1"
        },
        "position": {
          "height": 32,
          "rotate": {
            "anchor": "50% 37%"
          },
          "width": 70,
          "x": 395.1458435058594,
          "y": 708.52
        },
        "props": {
          "style": {
            "color": "#000000"
          },
          "text": "Дж/моль"
        },
        "type": "ia.display.label"
      },
      {
        "meta": {
          "name": "Label choice substance"
        },
        "position": {
          "height": 30.59,
          "width": 336,
          "x": 60.61087524414062,
          "y": 618.1657037353516
        },
        "props": {
          "style": {
            "color": "#000000"
          },
          "text": "Выбор типа вещества:"
        },
        "type": "ia.display.label"
      },
      {
        "meta": {
          "name": "NumericEntryField K01"
        },
        "position": {
          "height": 30,
          "rotate": {
            "anchor": "25% 50%"
          },
          "width": 100,
          "x": 283,
          "y": 652
        },
        "propConfig": {
          "props.value": {
            "binding": {
              "config": {
                "fallbackDelay": 2.5,
                "mode": "direct",
                "tagPath": "[default]Model/Config/K01"
              },
              "type": "tag"
            }
          }
        },
        "props": {
          "align": "left",
          "enabled": false,
          "format": "0.00e+0",
          "spinner": {
            "enabled": false
          },
          "style": {
            "backgroundColor": "#FFFFFF",
            "borderStyle": "ridge",
            "color": "#000000"
          }
        },
        "type": "ia.input.numeric-entry-field"
      },
      {
        "meta": {
          "name": "NumericEntryField K02"
        },
        "position": {
          "height": 30,
          "rotate": {
            "anchor": "25% 50%"
          },
          "width": 100,
          "x": 283,
          "y": 682
        },
        "propConfig": {
          "props.value": {
            "binding": {
              "config": {
                "fallbackDelay": 2.5,
                "mode": "direct",
                "tagPath": "[default]Model/Config/K02"
              },
              "type": "tag"
            }
          }
        },
        "props": {
          "align": "left",
          "enabled": false,
          "format": "0.00e+0",
          "spinner": {
            "enabled": false
          },
          "style": {
            "backgroundColor": "#FFFFFF",
            "borderStyle": "ridge",
            "color": "#000000"
          }
        },
        "type": "ia.input.numeric-entry-field"
      },
      {
        "meta": {
          "name": "NumericEntryField EA1"
        },
        "position": {
          "height": 30,
          "rotate": {
            "anchor": "25% 50%"
          },
          "width": 100,
          "x": 283,
          "y": 712
        },
        "propConfig": {
          "props.value": {
            "binding": {
              "config": {
                "fallbackDelay": 2.5,
                "mode": "direct",
                "tagPath": "[default]Model/Config/EA1"
              },
              "type": "tag"
            }
          }
        },
        "props": {
          "align": "left",
          "enabled": false,
          "format": "0.00e+0",
          "spinner": {
            "enabled": false
          },
          "style": {
            "backgroundColor": "#FFFFFF",
            "borderStyle": "ridge",
            "color": "#000000"
          }
        },
        "type": "ia.input.numeric-entry-field"
      },
      {
        "meta": {
          "name": "NumericEntryField EA2"
        },
        "position": {
          "height": 30,
          "rotate": {
            "anchor": "25% 50%"
          },
          "width": 100,
          "x": 283,
          "y": 742
        },
        "propConfig": {
          "props.value": {
            "binding": {
              "config": {
                "fallbackDelay": 2.5,
                "mode": "direct",
                "tagPath": "[default]Model/Config/EA2"
              },
              "type": "tag"
            }
          }
        },
        "props": {
          "align": "left",
          "enabled": false,
          "format": "0.00e+0",
          "spinner": {
            "enabled": false
          },
          "style": {
            "backgroundColor": "#FFFFFF",
            "borderStyle": "ridge",
            "color": "#000000"
          }
        },
        "type": "ia.input.numeric-entry-field"
      },
      {
        "events": {
          "component": {
            "onActionPerformed": {
              "config": {
                "script": "    experiment.start()"
              },
              "scope": "G",
              "type": "script"
            }
          }
        },
        "meta": {
          "name": "Button start exp"
        },
        "position": {
          "height": 42,
          "rotate": {
            "anchor": "50% 0%"
          },
          "width": 132,
          "x": 528.5825837097168,
          "y": 625.3644326782227
        },
        "propConfig": {
          "props.enabled": {
            "binding": {
              "config": {
                "expression": "!{[default]Exp/EXPERIMENT_ACTIVE}"
              },
              "type": "expr"
            }
          }
        },
        "props": {
          "style": {
            "backgroundColor": "#00AC00"
          },
          "text": "ЗАПУСК МАТ. МОДЕЛИ",
          "textStyle": {
            "color": "#FFFFFF"
          }
        },
        "type": "ia.input.button"
      },
      {
        "meta": {
          "name": "Label choice const"
        },
        "position": {
          "height": 30.59,
          "width": 177,
          "x": 504.4855837097168,
          "y": 722.7544326782227
        },
        "props": {
          "style": {
            "color": "#000000"
          },
          "text": "Константа при расчете:"
        },
        "type": "ia.display.label"
      },
      {
        "events": {
          "dom": {
            "onClick": {
              "config": {
                "script": "\texperiment.stop()"
              },
              "scope": "G",
              "type": "script"
            }
          }
        },
        "meta": {
          "name": "Button stop exp"
        },
        "position": {
          "height": 42,
          "rotate": {
            "anchor": "50% 0%"
          },
          "width": 127,
          "x": 531.4465837097168,
          "y": 674.3644326782227
        },
        "propConfig": {
          "props.enabled": {
            "binding": {
              "config": {
                "expression": "{[default]Exp/EXPERIMENT_ACTIVE}"
              },
              "type": "expr"
            }
          }
        },
        "props": {
          "style": {
            "backgroundColor": "#FF0000"
          },
          "text": "ОСТАНОВ МАТ. МОДЕЛИ",
          "textStyle": {
            "color": "#FFFFFF"
          }
        },
        "type": "ia.input.button"
      },
      {
        "meta": {
          "name": "NumericEntryField T"
        },
        "position": {
          "height": 32,
          "rotate": {
            "anchor": "25% 50%"
          },
          "width": 68,
          "x": 741.5555291748046,
          "y": 395.33000000000004
        },
        "propConfig": {
          "props.value": {
            "binding": {
              "config": {
                "fallbackDelay": 2.5,
                "mode": "direct",
                "tagPath": "[default]Sensors/TRA-1/PROCESS_VALUE"
              },
              "type": "tag"
            }
          }
        },
        "props": {
          "align": "left",
          "enabled": false,
          "spinner": {
            "enabled": false
          },
          "style": {
            "backgroundColor": "#FFFFFF00",
            "color": "#00FFFF",
            "fontSize": 20
          }
        },
        "type": "ia.input.numeric-entry-field"
      },
      {
        "meta": {
          "name": "FlexContainer name T"
        },
        "position": {
          "height": 25.68,
          "width": 103,
          "x": 728.3955291748047,
          "y": 360.99
        },
        "props": {
          "style": {
            "backgroundColor": "#808080",
            "borderStyle": "double"
          }
        },
        "type": "ia.container.flex"
      },
      {
        "meta": {
          "name": "name T"
        },
        "position": {
          "height": 22.83,
          "rotate": {
            "anchor": "36% 0%"
          },
          "width": 101,
          "x": 734.41,
          "y": 360.99
        },
        "props": {
          "text": "T (град. С)",
          "textStyle": {
            "color": "#00FF00",
            "fontSize": 20,
            "textAlignLast": "center"
          }
        },
        "type": "ia.display.label"
      },
      {
        "meta": {
          "name": "RadioGroup choice const"
        },
        "position": {
          "height": 43,
          "width": 175,
          "x": 502.79,
          "y": 750
        },
        "propConfig": {
          "props.value": {
            "binding": {
              "config": {
                "bidirectional": true,
                "fallbackDelay": 2.5,
                "mode": "direct",
                "tagPath": "[default]Exp/CONST_PARAM"
              },
              "type": "tag"
            }
          }
        },
        "props": {
          "radios": [
            {
              "selected": true,
              "text": "T",
              "value": "T"
            },
            {
              "selected": false,
              "text": "CA",
              "value": "CA"
            }
          ],
          "style": {
            "backgroundColor": "#CCFFCC",
            "borderStyle": "groove",
            "color": "#000000"
          }
        },
        "type": "ia.input.radio-group"
      },
      {
        "meta": {
          "name": "RadioGroup"
        },
        "position": {
          "height": 97,
          "rotate": {
            "anchor": "14% 50%"
          },
          "width": 47,
          "x": 487.88,
          "y": 626.97
        },
        "propConfig": {
          "props.value": {
            "binding": {
              "config": {
                "fallbackDelay": 2.5,
                "mode": "direct",
                "tagPath": "[default]Exp/EXPERIMENT_ACTIVE"
              },
              "transforms": [
                {
                  "expression": "if({value} \u003d true, \"start\", \"stop\")",
                  "type": "expression"
                }
              ],
              "type": "tag"
            }
          }
        },
        "props": {
          "align": "start",
          "enabled": false,
          "index": 1,
          "radios": [
            {
              "selected": false,
              "text": "",
              "value": "start"
            },
            {
              "selected": true,
              "text": "",
              "value": "stop"
            }
          ],
          "selectedIcon": {
            "color": {
              "disabled": "#808080",
              "enabled": "#808080"
            }
          },
          "style": {
            "color": "#000000"
          },
          "unselectedIcon": {
            "color": {
              "disabled": "#808080",
              "enabled": "#808080"
            }
          }
        },
        "type": "ia.input.radio-group"
      },
      {
        "meta": {
          "name": "RadioGroup_0"
        },
        "position": {
          "height": 140,
          "width": 155,
          "x": 56.77,
          "y": 647
        },
        "propConfig": {
          "props.value": {
            "binding": {
              "config": {
                "bidirectional": true,
                "fallbackDelay": 2.5,
                "mode": "direct",
                "tagPath": "[default]Model/Config/SUBSTANCE_ID"
              },
              "type": "tag"
            },
            "onChange": {
              "enabled": null,
              "script": "\n    import system\n\n    # id выбранного вещества из Radio Group / тега\n    substance_id \u003d currentValue.value\n\n    if substance_id is None:\n        return\n\n    try:\n        substance_id \u003d int(substance_id)\n    except (TypeError, ValueError):\n        return\n\n    # 1) ID уже уходит в тег через bidirectional-binding,\n    #    дополнительно писать его не нужно.\n\n    # 2) Берём коэффициенты из Named Query\n    params \u003d {\"id\": substance_id}\n    ds \u003d system.db.runNamedQuery(\"GetSubstanceById\", params)\n\n    if ds is None or ds.getRowCount() \u003d\u003d 0:\n        return\n\n    k01 \u003d ds.getValueAt(0, \"k01\")\n    k02 \u003d ds.getValueAt(0, \"k02\")\n    ea1 \u003d ds.getValueAt(0, \"ea1\")\n    ea2 \u003d ds.getValueAt(0, \"ea2\")\n\n    # 3) Пишем коэффициенты в OPC-теги\n    paths \u003d [\n        \"[default]Model/Config/K01\",\n        \"[default]Model/Config/K02\",\n        \"[default]Model/Config/EA1\",\n        \"[default]Model/Config/EA2\",\n    ]\n    values \u003d [k01, k02, ea1, ea2]\n\n    system.tag.writeAsync(paths, values)"
            }
          }
        },
        "props": {
          "index": 1,
          "radios": [
            {
              "selected": false,
              "text": "Вещество А",
              "value": 1
            },
            {
              "selected": true,
              "text": "Вещество Б",
              "value": 2
            },
            {
              "selected": false,
              "text": "Вещество В",
              "value": 3
            }
          ],
          "style": {
            "backgroundColor": "#CCFFCC",
            "borderStyle": "groove",
            "color": "#000000"
          }
        },
        "type": "ia.input.radio-group"
      },
      {
        "meta": {
          "name": "FlexContainer"
        },
        "position": {
          "height": 69,
          "width": 146,
          "x": 700,
          "y": 615
        },
        "props": {
          "style": {
            "backgroundColor": "#FFFFCC",
            "borderStyle": "solid"
          }
        },
        "type": "ia.container.flex"
      },
      {
        "meta": {
          "name": "Label units ea3"
        },
        "position": {
          "height": 32,
          "rotate": {
            "anchor": "50% 37%"
          },
          "width": 118,
          "x": 711,
          "y": 624
        },
        "props": {
          "style": {
            "color": "#000000"
          },
          "text": "Шаг открытия клапана:"
        },
        "type": "ia.display.label"
      },
      {
        "meta": {
          "name": "NumericEntryField"
        },
        "position": {
          "height": 25,
          "width": 50,
          "x": 778.78,
          "y": 640.33
        },
        "propConfig": {
          "props.value": {
            "binding": {
              "config": {
                "bidirectional": true,
                "fallbackDelay": 2.5,
                "mode": "direct",
                "tagPath": "[default]Exp/VALVE_STEP_PCT"
              },
              "type": "tag"
            }
          }
        },
        "props": {
          "inputBounds": {
            "maximum": 100,
            "minimum": 1
          }
        },
        "type": "ia.input.numeric-entry-field"
      }
    ],
    "meta": {
      "name": "root"
    },
    "propConfig": {
      "custom.substanceData": {
        "binding": {
          "config": {
            "parameters": {
              "id": "{view.custom.selectedSubstanceId} "
            },
            "queryPath": "GetSubstanceById",
            "returnFormat": "json"
          },
          "type": "query"
        },
        "onChange": {
          "enabled": null,
          "script": "\n    data \u003d currentValue.value\n\n    if not data or len(data) \u003d\u003d 0:\n        return\n\n    row \u003d data[0]\n\n    try:\n        k01 \u003d row[\"k01\"]\n        k02 \u003d row[\"k02\"]\n        ea1 \u003d row[\"ea1\"]\n        ea2 \u003d row[\"ea2\"]\n    except Exception:\n        return\n\n    if None in (k01, k02, ea1, ea2):\n        return\n\n    paths \u003d [\n        \"[default]Model/Config/K01\",\n        \"[default]Model/Config/K02\",\n        \"[default]Model/Config/EA1\",\n        \"[default]Model/Config/EA2\",\n    ]\n    values \u003d [k01, k02, ea1, ea2]\n\n    system.tag.writeAsync(paths, values)"
        }
      }
    },
    "props": {
      "pipes": [
        {
          "appearance": "auto",
          "end": "none",
          "fill": "#8AFFFF",
          "flanges": true,
          "lineVariant": "solid",
          "name": "pipe",
          "origin": {
            "connections": [
              {
                "x": 1001.84,
                "y": 469.99
              }
            ],
            "x": 680.51,
            "y": 469.99
          },
          "start": "none",
          "stroke": "#000000",
          "visible": true,
          "width": 10
        },
        {
          "appearance": "auto",
          "end": "none",
          "fill": "#FF8A8A",
          "flanges": true,
          "lineVariant": "solid",
          "name": "pipe_0",
          "origin": {
            "connections": [
              {
                "x": 622,
                "y": 181
              }
            ],
            "x": 622,
            "y": 430.49
          },
          "start": "none",
          "stroke": "#808080",
          "visible": true,
          "width": 10
        },
        {
          "appearance": "auto",
          "end": "none",
          "fill": "#FF8A8A",
          "flanges": true,
          "lineVariant": "solid",
          "name": "pipe_1",
          "origin": {
            "connections": [
              {
                "x": 452.82,
                "y": 202.42
              }
            ],
            "x": 452.82,
            "y": 427
          },
          "start": "none",
          "stroke": "#808080",
          "visible": true,
          "width": 10
        },
        {
          "appearance": "auto",
          "end": "none",
          "fill": "#8AFFFF",
          "flanges": true,
          "lineVariant": "solid",
          "name": "pipe_2",
          "origin": {
            "connections": [
              {
                "connections": [
                  {
                    "x": 211.99,
                    "y": 202.42
                  }
                ],
                "x": 211.99,
                "y": 469.99
              }
            ],
            "x": 411,
            "y": 469.99
          },
          "start": "none",
          "stroke": "",
          "visible": true,
          "width": 10
        }
      ],
      "style": {
        "backgroundColor": "#E0E0E0",
        "color": "#D5D5D5"
      }
    },
    "type": "ia.container.coord"
  }
}