{
  "custom": {},
  "params": {},
  "props": {
    "defaultSize": {
      "height": 400,
      "width": 1350
    }
  },
  "root": {
    "children": [
      {
        "events": {
          "component": {
            "onItemClicked": {
              "config": {
                "script": "# Срабатывает при клике по любому пункту меню\n\tif not event.enabled:\n\t    return\n\t\n\t# Если нажали именно на \"Выход\" – выходим из сессии\n\tif event.label \u003d\u003d u\"Выход\":\n\t    system.perspective.logout()"
              },
              "scope": "G",
              "type": "script"
            }
          }
        },
        "meta": {
          "name": "HorizontalMenu"
        },
        "position": {
          "height": 40,
          "width": 1350
        },
        "props": {
          "items": [
            {
              "enabled": true,
              "icon": {
                "path": "material/tv"
              },
              "items": [],
              "label": "Технологическая схема",
              "style": {
                "classes": ""
              },
              "target": "/mnemonic_sheme"
            },
            {
              "enabled": true,
              "icon": {
                "path": "material/content_paste"
              },
              "items": [],
              "label": "Отчет",
              "style": {
                "classes": ""
              },
              "target": "/report"
            },
            {
              "enabled": true,
              "icon": {
                "path": ""
              },
              "items": [],
              "label": "Выход",
              "style": {
                "classes": ""
              },
              "target": ""
            }
          ]
        },
        "type": "ia.navigation.horizontalmenu"
      }
    ],
    "meta": {
      "name": "root"
    },
    "position": {
      "x": 0,
      "y": 0
    },
    "type": "ia.container.coord"
  }
}