{
  "custom": {},
  "params": {},
  "props": {},
  "root": {
    "children": [
      {
        "meta": {
          "name": "FlexContainer"
        },
        "position": {
          "height": 77,
          "width": 120,
          "x": 230,
          "y": 182
        },
        "props": {
          "style": {
            "backgroundColor": "#8F8F8C",
            "borderStyle": "groove"
          }
        },
        "type": "ia.container.flex"
      },
      {
        "meta": {
          "name": "name valve"
        },
        "position": {
          "height": 32,
          "width": 50,
          "x": 264.96000000000004,
          "y": 181.99
        },
        "props": {
          "style": {
            "color": "#FFFF00"
          },
          "text": "name"
        },
        "type": "ia.display.label"
      },
      {
        "meta": {
          "name": "FlexContainer_2"
        },
        "position": {
          "height": 28,
          "width": 120,
          "x": 230,
          "y": 182
        },
        "props": {
          "style": {
            "borderStyle": "groove"
          }
        },
        "type": "ia.container.flex"
      },
      {
        "meta": {
          "name": "LedDisplay_1"
        },
        "position": {
          "height": 20,
          "width": 80,
          "x": 264,
          "y": 220
        },
        "propConfig": {
          "props.value": {
            "binding": {
              "config": {
                "bidirectional": true,
                "fallbackDelay": 2.5,
                "mode": "direct",
                "tagPath": "[default]KD"
              },
              "type": "tag"
            }
          }
        },
        "props": {
          "diodeOnColor": "#FFFF00"
        },
        "type": "ia.display.led-display"
      },
      {
        "meta": {
          "name": "op"
        },
        "position": {
          "height": 32,
          "width": 50,
          "x": 239.99,
          "y": 213.9695935058594
        },
        "props": {
          "style": {
            "color": "#FFFF00"
          },
          "text": "OP"
        },
        "type": "ia.display.label"
      }
    ],
    "meta": {
      "name": "root"
    },
    "type": "ia.container.coord"
  }
}